userID,userQ5,userQ25,userQ50,userQ75,userQ95
0,1334.25,1554.5,2389.5,3712.25,10878.049999999996
1,66.45,72.75,96.0,182.0,465.09999999999985
2,204.7,254.25,362.5,605.0,1070.749999999999
3,127.9,139.75,201.5,281.0,730.1999999999997
4,13.0,14.25,17.0,24.0,38.64999999999999
5,520.95,685.25,1054.5,2229.0,6076.999999999998
6,179.35,347.75,486.5,775.5,2022.6499999999983
7,234.9,274.75,374.0,579.75,1137.7499999999998
8,166.8,212.25,342.0,788.0,1345.9499999999998
9,243.45,323.0,517.5,1025.0,2739.149999999996
10,966.05,1264.5,2127.0,3707.25,24035.8
11,2.0,2.0,3.0,6.0,16.549999999999997
12,604.25,628.0,651.5,720.5,849.55
13,227.8,258.75,348.0,465.5,749.2
14,139.9,149.25,217.0,352.25,690.1499999999996
15,105.9,144.5,242.5,471.0,1499.8999999999996
16,175.5,230.5,325.0,499.0,767.7999999999995
17,96.45,108.0,131.5,197.75,343.0499999999998
18,112.69999999999999,149.75,215.0,425.5,1417.9499999999966
19,531.25,628.75,862.0,1438.5,2526.85
20,113.35,132.75,191.0,279.5,873.1999999999994
21,463.79999999999995,538.0,698.5,1220.25,3705.4999999999955
22,78.9,122.5,199.5,344.25,1762.3
23,133.75,208.25,315.0,706.75,1815.75
24,60.449999999999996,71.25,96.5,142.25,220.59999999999997
25,7.0,7.0,9.0,11.0,15.549999999999997
26,23.45,33.0,60.5,141.5,426.5499999999999
27,82.35,119.25,175.0,317.0,1406.8999999999996
28,43.150000000000006,63.25,117.0,265.0,882.05
29,125.25,195.75,273.0,434.0,2937.949999999996
30,204.05,325.25,610.5,1089.0,2240.6499999999996
31,186.8,250.75,396.5,948.5,2188.9999999999995
32,1.0,1.0,1.0,1.0,3.299999999999999
33,255.8,313.5,436.0,715.75,1286.0499999999993
34,213.9,242.5,269.0,301.75,459.1499999999999
35,9.0,21.0,64.0,134.0,1127.7999999999984
36,51.45,55.0,61.5,75.5,114.49999999999997
37,177.45,211.25,280.5,474.25,1074.0499999999997
38,293.79999999999995,387.5,615.5,963.5,2393.5999999999995
39,123.35,147.5,238.5,516.25,1444.3999999999987
40,125.25,172.0,232.5,425.5,2182.499999999997
41,113.35,147.75,195.0,418.0,783.55
42,112.45,159.0,259.5,517.25,4449.7
43,234.0,291.25,656.0,1043.0,3439.499999999999
44,223.05,305.25,464.0,1033.25,1938.2499999999989
45,6.0,14.0,32.0,88.5,2373.499999999991
46,78.0,86.25,112.0,178.25,386.7
47,212.7,271.0,350.5,728.25,2879.849999999999
48,160.25,236.5,371.0,1074.0,1429.35
49,82.45,102.25,131.5,191.0,349.7999999999998
50,27.45,33.25,63.5,226.5,1154.249999999997
51,39.0,52.5,72.5,158.75,773.3499999999977
52,288.6,335.25,459.5,687.0,1020.8499999999992
53,340.9,427.75,563.0,805.0,1829.5999999999995
54,23.45,47.75,265.0,572.25,4649.999999999991
55,3.0,5.25,35.5,274.5,3144.449999999993
56,451.04999999999995,593.25,783.5,1456.5,4391.899999999995
57,39.0,44.0,52.0,75.0,137.7499999999999
58,170.0,187.25,239.5,358.75,673.0499999999998
59,62.9,84.0,121.5,270.75,653.6499999999994
60,58.35,76.75,103.5,150.25,422.2499999999999
61,142.35,156.25,215.5,279.0,583.9499999999998
62,71.35,92.5,134.5,371.5,1131.8499999999997
63,282.1,347.75,434.0,609.0,1142.0999999999997
64,42.35,70.25,117.0,214.5,655.8999999999999
65,181.45,226.0,279.0,394.25,689.7499999999997
66,184.4,232.0,333.5,671.0,1232.2499999999998
67,78.44999999999999,96.0,172.5,282.25,656.9499999999996
68,1.0,2.25,16.0,26.0,43.84999999999998
69,160.35000000000002,214.25,321.5,431.0,1063.5999999999985
70,123.7,156.75,204.0,525.75,2920.0499999999984
71,65.44999999999999,120.0,251.0,686.75,1660.7999999999995
72,587.6,706.25,875.0,1326.25,3499.9999999999995
73,67.45,137.5,199.5,488.0,1929.3999999999974
74,87.7,108.25,142.5,238.25,580.7999999999988
75,18.35,33.25,80.5,199.75,14236.39999999999
76,3.0,5.0,14.5,164.75,1270.6499999999994
77,114.45,137.25,185.5,277.25,435.14999999999975
78,105.35,129.25,197.0,306.0,1006.8999999999995
79,489.9,543.5,832.5,1161.25,1670.849999999999
80,66.25,105.25,206.5,482.5,1574.1999999999996
81,87.9,103.0,119.5,183.0,326.6499999999998
82,228.35000000000002,271.5,356.0,597.75,1133.249999999999
83,19.45,24.25,36.5,61.0,104.84999999999998
84,4.0,5.25,12.0,28.75,58.29999999999998
85,236.0,386.25,737.0,1076.5,2850.5999999999976
86,87.9,96.25,119.0,168.25,323.9999999999999
87,450.95,615.75,841.0,1160.5,3458.05
88,5.0,6.0,8.5,13.0,31.84999999999998
89,64.0,84.25,137.0,256.0,970.9499999999983
90,22.450000000000003,46.25,94.0,221.5,462.74999999999994
91,10.0,12.0,16.0,26.75,42.19999999999999
92,179.45,213.75,344.5,835.75,2117.7499999999995
93,30.0,38.75,64.5,148.25,435.2499999999992
94,42.45,60.75,95.0,203.75,1094.3999999999987
95,66.45,90.25,129.5,198.75,418.3499999999999
96,80.45,146.5,444.5,1372.25,3824.699999999997
97,289.45000000000005,357.25,493.0,815.25,3125.8999999999987
98,19.45,25.5,38.5,68.5,150.55
99,1808.0500000000002,2150.75,3145.0,4705.25,10044.65
100,80.45,91.25,136.5,222.0,336.59999999999985
101,520.7,655.75,875.0,1100.25,1945.85
102,1640.8,2232.25,3157.0,4906.5,15118.249999999996
103,276.35,350.5,425.5,524.25,813.75
104,98.7,130.25,220.0,375.0,1411.4999999999995
105,565.6,735.0,991.5,1864.75,3898.199999999999
106,213.0,242.25,357.5,529.25,1138.9499999999998
107,10.0,10.0,10.0,10.0,10.0
108,761.4,1384.5,2119.0,3826.0,7621.449999999999
109,22.450000000000003,29.0,68.5,202.5,888.7999999999997
110,1.0,1.0,2.0,2.0,3.0
111,145.0,184.25,293.0,459.0,1085.8999999999994
112,191.45,234.5,314.0,525.5,1086.499999999999
113,211.45,261.25,367.0,644.25,903.3
114,123.0,149.5,210.5,422.75,2234.499999999999
115,15.45,23.0,44.0,133.0,611.3499999999995
116,28.0,50.25,77.0,257.5,1375.9999999999995
117,13.0,14.0,16.0,18.75,23.549999999999997
118,322.45,396.25,766.5,1320.75,7372.549999999997
119,77.45,103.75,152.5,347.5,1354.4499999999985
120,72.35,105.25,146.0,308.25,1545.0999999999956
121,99.0,133.25,247.0,470.0,1319.1999999999998
122,381.0,409.5,488.0,721.0,1663.5499999999997
123,419.35,619.5,971.5,1510.5,3374.5
124,78.44999999999999,101.5,168.0,443.0,921.9499999999998
125,75.25,111.0,201.5,397.75,895.4999999999998
126,76.9,92.25,108.0,156.5,323.54999999999984
127,64.9,98.25,221.0,457.0,2837.4999999999973
128,79.45,107.5,175.0,322.5,741.0999999999998
129,26.450000000000003,41.0,87.0,206.0,1072.299999999998
130,494.0,540.75,639.5,1035.25,2627.749999999998
131,118.9,142.25,177.0,319.25,587.8499999999999
132,304.35,408.25,529.0,969.75,2072.6999999999994
133,94.44999999999999,143.5,239.0,629.25,1584.4999999999995
134,416.79999999999995,487.25,632.5,855.75,1855.449999999999
135,39.45,55.5,79.0,123.5,269.39999999999986
136,53.0,68.0,99.0,176.75,485.4
137,929.6,1158.5,1624.0,2541.25,4005.799999999999
138,25.0,30.0,49.0,136.25,861.4999999999995
139,335.45,412.25,536.5,765.5,1468.1499999999992
140,196.14999999999998,263.0,538.0,1614.0,4494.299999999999
141,180.75,370.0,836.0,1526.0,3231.8499999999976
142,164.9,192.75,223.0,281.5,624.149999999999
143,179.8,247.5,360.5,626.5,1679.9999999999993
144,40.0,49.25,59.0,103.75,222.99999999999983
145,52.45,65.75,96.5,166.0,459.89999999999947
146,124.7,161.5,219.5,351.75,795.3999999999994
147,99.44999999999999,136.5,187.0,254.75,698.6499999999995
148,11.0,13.25,17.0,22.75,60.39999999999992
149,613.75,709.75,889.0,1748.75,3219.2999999999993
150,5.0,8.0,12.0,31.0,649.8999999999994
151,55.0,68.0,95.0,200.0,490.9999999999999
152,117.45,170.25,236.5,355.75,896.3499999999998
153,478.95000000000005,693.5,1128.5,1865.0,3891.7999999999984
154,1022.9,1069.25,1210.5,1961.75,4421.199999999999
155,177.8,216.25,280.5,414.0,681.3999999999999
156,210.8,271.5,355.0,474.75,862.05
157,976.1500000000001,1367.75,1939.5,4404.25,11987.44999999999
158,73.44999999999999,86.5,141.0,260.25,829.5999999999991
159,203.15,271.0,335.0,542.5,1451.8999999999985
160,486.55,681.0,925.0,1316.75,1837.9999999999993
161,48.45,70.25,97.5,136.0,196.64999999999998
162,184.0,223.0,281.5,486.75,770.8
163,177.89999999999998,211.25,294.5,494.75,1043.6999999999996
164,77.35,98.25,141.5,263.0,998.0999999999995
165,615.6,785.75,1330.5,2346.0,6016.649999999999
166,184.45,242.5,458.0,704.0,2675.1499999999987
167,378.45,461.25,651.0,1088.5,3082.4499999999975
168,277.6,330.0,394.5,594.25,1131.55
169,66.9,109.0,232.0,334.5,2231.85
170,17.0,19.0,22.0,31.75,60.39999999999998
171,28.0,42.5,109.5,615.25,2053.6499999999987
172,222.8,294.5,383.5,512.5,938.8499999999993
173,123.0,138.5,212.5,359.25,575.55
174,88.25,116.0,217.0,287.25,527.7999999999995
175,22.450000000000003,28.0,47.0,108.25,167.95
176,9.45,19.25,53.5,143.75,1076.3999999999996
177,185.9,219.25,326.0,727.0,1565.0999999999995
178,1.1,1.5,2.0,2.5,2.8999999999999995
179,262.05,325.75,453.0,807.75,1546.1999999999998
180,444.65,554.25,738.5,1227.75,3627.749999999998
181,13.0,16.0,18.0,26.75,85.6999999999999
182,10.45,21.25,45.0,115.75,1931.1499999999971
183,335.35,406.0,623.0,1084.25,3893.599999999995
184,504.5,604.5,1026.5,1908.75,5112.649999999999
185,10.45,21.0,36.0,69.0,287.0999999999998
186,343.25,555.0,753.5,1570.75,4893.599999999993
187,488.59999999999997,550.25,695.5,1025.25,2144.699999999999
188,126.35,151.0,191.5,267.25,396.34999999999997
189,68.0,81.25,127.0,175.0,1324.9499999999985
190,73.25,119.25,159.0,264.75,643.0999999999996
191,38.45,48.5,67.0,110.5,216.09999999999985
192,124.8,149.75,222.5,448.0,1000.0999999999996
193,617.25,786.75,1030.5,1435.25,3700.9999999999964
194,45.45,51.0,65.0,102.75,193.94999999999982
195,128.45,159.0,220.0,341.5,1113.4999999999995
196,31.0,42.25,84.5,128.75,305.1499999999999
197,23.0,37.0,65.5,142.0,392.8999999999995
198,101.0,130.0,194.5,378.25,5090.899999999982
199,89.9,113.25,229.5,691.0,1967.4499999999985
200,25.900000000000002,38.25,47.5,81.0,136.2499999999999
201,310.29999999999995,368.5,497.5,834.0,1536.75
202,67.9,90.5,142.0,292.5,832.4999999999995
203,9.0,11.0,14.0,22.0,38.55
204,39.45,46.5,69.0,138.5,346.4499999999998
205,100.45,115.25,134.0,214.0,779.3499999999999
206,61.0,75.0,95.0,182.0,768.2499999999994
207,895.1500000000001,1013.75,1440.5,2153.25,5021.899999999996
208,46.9,58.25,95.0,149.0,573.8999999999999
209,798.5,954.25,1388.0,1986.75,3209.2999999999997
210,145.0,158.25,186.0,236.25,329.79999999999995
211,476.7,615.5,1142.0,1782.5,4813.249999999995
212,111.15,165.75,246.0,915.0,1614.499999999999
213,89.15,177.25,360.0,1534.25,10073.15
214,8.0,8.0,10.5,13.0,21.84999999999998
215,1.0,1.0,2.0,3.0,25.399999999999977
216,320.5,381.0,589.5,1303.5,6863.999999999993
217,79.45,95.75,154.5,307.5,1746.1499999999996
218,255.35000000000002,424.5,749.5,2263.5,8996.299999999988
219,7.45,18.75,61.0,184.0,1577.6499999999971
220,250.60000000000002,345.5,460.0,1134.5,2285.6499999999996
221,130.0,159.0,239.5,518.5,1721.3499999999983
222,391.35,508.25,750.5,1397.5,4216.849999999997
223,72.0,101.0,176.0,422.75,1634.299999999999
224,343.35,403.25,558.5,2058.75,7101.94999999999
225,78.35,102.5,137.0,197.25,495.3499999999999
226,565.8,672.25,1116.5,1680.25,2884.299999999998
227,75.0,87.5,123.0,255.0,988.6999999999998
228,296.25,431.75,647.5,1035.0,2616.949999999999
229,100.9,133.25,177.0,246.0,506.39999999999975
230,90.25,111.0,144.5,240.75,397.9
231,37.45,61.5,123.0,193.75,1159.5
232,198.89999999999998,247.75,359.0,633.0,1238.4499999999994
233,257.0,286.75,363.0,751.5,1991.599999999998
234,55.0,73.75,116.0,219.5,459.7499999999999
235,180.45,271.75,513.5,1138.0,2776.699999999999
236,347.45,460.25,681.0,1046.5,3367.4999999999973
237,374.4,475.0,638.5,1089.25,2457.249999999998
238,132.35000000000002,169.0,290.0,494.5,932.7999999999998
239,373.5,508.25,1097.5,1918.75,8394.299999999996
240,81.25,101.0,136.5,188.25,312.15
241,2.0,2.0,6.0,15.5,57.54999999999988
242,111.0,137.0,208.0,437.75,1317.8999999999976
243,59.45,82.75,126.5,284.75,651.6499999999996
244,303.0,332.75,409.5,558.75,908.7999999999997
245,110.0,132.0,165.0,309.0,873.0499999999995
246,164.7,229.75,337.0,468.25,1655.1999999999994
247,219.85,301.75,546.0,978.0,3648.8999999999987
248,137.05,231.75,295.0,710.0,2966.899999999995
249,55.0,62.0,79.5,110.0,265.3499999999998
250,207.0,248.75,352.5,569.25,1320.0999999999997
251,81.9,116.75,184.0,333.25,1670.6499999999955
252,13.45,22.0,40.5,77.0,596.15
253,1.0,1.0,1.0,1.0,2.0
254,510.95,763.75,945.5,1646.25,7119.699999999991
255,277.15,344.0,415.5,612.0,1117.199999999999
256,94.0,126.5,198.0,439.75,1318.1999999999998
257,15.45,21.0,30.5,60.75,107.04999999999997
258,391.35,473.75,663.0,1225.0,4114.499999999996
259,41.45,58.25,97.0,224.5,807.2499999999995
260,157.25,216.75,452.5,973.25,2526.5
261,67.9,81.75,143.0,259.25,841.5499999999993
262,10.0,13.0,23.0,58.75,167.64999999999998
263,246.35,331.0,505.0,818.75,2514.45
264,59.0,69.5,79.5,116.5,184.44999999999993
265,4.0,5.0,7.0,11.0,26.549999999999997
266,42.45,58.25,124.0,221.5,414.04999999999995
267,81.35,111.75,159.5,278.25,976.4499999999996
268,174.35,213.75,309.0,659.0,1435.6499999999992
269,222.35,341.25,623.0,1182.75,4636.649999999999
270,4.0,4.0,5.0,7.0,20.19999999999999
271,11.200000000000003,26.0,37.5,235.25,809.6999999999996
272,151.8,197.0,381.0,864.5,2344.999999999999
273,36.900000000000006,59.75,118.5,212.5,798.3999999999994
274,52.8,64.75,87.0,121.75,172.59999999999997
275,244.04999999999998,304.25,354.0,604.0,1053.1499999999996
276,2.0,3.0,4.0,5.0,8.649999999999991
277,332.9,413.5,576.0,863.25,1971.8999999999999
278,195.7,318.75,501.0,900.25,4636.099999999993
279,106.9,148.25,218.0,400.25,546.3499999999999
280,130.89999999999998,188.75,329.0,558.75,2238.55
281,123.80000000000001,155.75,255.0,364.25,738.5499999999997
282,184.0,231.25,435.0,1369.75,6597.849999999993
283,148.9,196.5,320.5,514.5,1002.9999999999998
284,19.0,26.25,34.5,61.75,153.95
285,46.9,105.25,158.0,435.5,1189.75
286,49.45,61.75,87.5,159.5,539.4499999999996
287,63.0,70.5,81.0,108.5,216.54999999999984
288,458.70000000000005,621.5,936.0,1414.25,2581.499999999999
289,52.900000000000006,64.0,90.5,193.75,2402.199999999996
290,167.0,219.5,290.0,510.25,1092.9499999999987
291,281.20000000000005,321.75,407.0,670.0,1433.0999999999995
292,97.35,130.25,244.0,382.0,762.65
293,120.89999999999999,149.25,215.0,315.5,669.8499999999999
294,184.15,244.0,334.5,617.0,1508.1999999999998
295,175.55,235.0,389.5,553.75,1188.3499999999997
296,140.15,210.25,342.0,1430.75,5584.799999999993
297,208.8,294.0,638.0,2285.25,8310.099999999997
298,243.75,348.0,556.5,721.25,1714.6499999999978
299,273.95000000000005,321.25,436.5,655.25,1227.5999999999997
300,31.349999999999998,41.75,60.5,79.25,113.29999999999998
301,501.25,713.25,1130.5,2939.5,5682.899999999999
302,233.45,277.25,372.5,727.75,2724.0499999999956
303,179.45,199.25,229.0,332.5,835.2999999999994
304,76.44999999999999,91.5,135.5,214.0,531.5999999999999
305,62.9,89.25,204.5,485.0,1170.8499999999992
306,163.45,198.25,239.0,334.0,839.7999999999997
307,505.05,588.0,986.0,1503.5,2604.7999999999993
308,121.0,166.75,317.0,663.5,2094.2499999999986
309,47.45,63.25,96.0,179.25,516.4499999999999
310,36.6,57.5,94.0,262.5,2461.5999999999976
311,30.0,34.0,54.0,124.75,961.2499999999969
312,293.9,519.0,922.0,1705.5,4764.599999999998
313,437.35,533.0,1118.0,1846.25,4743.1
314,324.25,385.25,564.5,1051.75,2129.3499999999976
315,27.0,32.25,53.5,102.5,430.59999999999997
316,108.0,128.75,210.0,383.75,2195.599999999999
317,268.15,344.5,537.0,1495.25,4963.349999999998
318,195.9,248.5,301.0,514.75,1686.5999999999979
319,63.0,76.5,92.0,135.5,191.19999999999993
320,70.15,91.75,116.5,184.75,464.2499999999999
321,61.45,81.25,208.5,321.75,638.55
322,1.0,1.0,2.0,5.5,13.299999999999997
323,25.0,27.5,38.5,49.75,90.09999999999994
324,383.35,493.25,711.0,1290.5,2746.749999999999
325,58.35,81.0,233.0,578.75,1691.2999999999993
326,22.0,28.0,34.0,48.75,62.0
327,322.45,359.0,412.0,647.0,4680.85
328,549.4499999999999,698.5,1037.0,1647.25,4013.999999999998
329,50.45,72.25,98.0,194.75,455.55
330,40.45,54.75,75.0,139.25,529.3
331,2.45,3.25,8.0,24.75,60.099999999999994
332,3.0,5.0,7.5,12.75,52.04999999999997
333,144.9,168.25,203.0,306.25,582.9999999999997
334,847.9,998.5,1432.5,2081.75,2770.1
335,530.9,733.0,1097.0,1868.5,3331.399999999998
336,76.0,86.25,107.5,149.75,260.1
337,253.8,344.5,426.0,821.25,2772.049999999998
338,12.45,16.0,25.0,42.0,135.24999999999994
339,108.3,183.0,307.0,593.25,1235.8999999999996
340,183.0,235.0,358.5,559.0,1518.9499999999998
341,460.9,565.75,720.5,939.0,2290.849999999999
342,463.15,531.25,696.0,1113.5,2445.1499999999996
343,5.0,7.0,9.0,16.0,30.549999999999997
344,241.6,301.25,398.0,851.5,3393.049999999999
345,171.9,251.25,443.0,1082.25,3980.349999999993
346,225.89999999999998,274.25,438.5,687.75,2501.2499999999973
347,179.9,219.5,323.5,587.0,1390.3999999999996
348,676.35,744.75,877.0,1013.0,1397.1499999999996
349,88.45,102.25,150.5,335.25,1116.1999999999991
350,57.45,75.25,111.5,205.5,869.7999999999989
351,1.0,1.0,5.5,25.25,61.84999999999998
352,32.0,43.0,65.5,107.0,251.79999999999995
353,18.0,23.25,117.5,421.25,3642.0499999999943
354,827.25,947.5,1584.5,2040.75,6826.049999999991
355,76.44999999999999,127.75,179.0,354.75,2346.6999999999935
356,448.6,600.25,885.0,1931.5,4087.6499999999996
357,527.0,597.25,732.0,1146.75,1935.4999999999995
358,127.45,153.75,232.0,698.0,2314.8499999999976
359,632.7,814.0,1517.0,3277.0,23039.399999999994
360,117.45,148.25,206.0,388.5,741.7999999999997
361,2619.8,3071.25,3763.5,7977.25,13814.25
362,1376.65,1580.25,2015.0,3502.75,10656.049999999994
363,431.20000000000005,631.25,1064.0,2023.25,7271.399999999998
364,215.35,241.5,297.0,440.25,731.5999999999997
365,48.0,55.25,70.0,101.0,210.2
366,47.0,56.25,85.5,156.75,450.5499999999996
367,49.900000000000006,60.0,76.0,111.0,226.49999999999991
368,84.8,107.5,142.5,278.75,1134.3499999999995
369,133.05,218.5,534.5,1121.0,1804.3999999999996
370,22.450000000000003,32.0,45.5,64.5,234.64999999999998
371,87.7,112.75,140.5,246.5,1146.5499999999997
372,178.35,250.75,371.5,1009.75,7939.999999999991
373,48.8,68.0,108.5,292.5,853.249999999999
374,51.45,72.75,116.0,238.0,874.5499999999995
375,692.75,913.0,1364.0,2987.5,7194.949999999997
376,106.0,131.0,197.0,798.75,2313.1999999999994
377,31.0,42.25,58.0,123.25,676.799999999998
378,286.6,400.75,605.5,1136.5,3924.5499999999993
379,219.7,296.5,393.0,740.0,1589.7999999999988
380,14.0,16.0,19.0,25.75,41.29999999999998
381,115.55,145.75,223.5,632.25,908.5999999999999
382,10.45,25.25,49.0,170.5,829.1999999999998
383,28.45,40.0,76.0,141.0,223.64999999999998
384,37.45,52.75,85.0,162.25,910.6999999999992
385,16.0,20.0,27.5,47.5,111.34999999999995
386,129.4,156.5,315.5,593.75,4507.8499999999985
387,195.7,283.5,569.0,1556.75,4247.499999999998
388,203.35000000000002,304.75,562.5,1204.5,5708.4999999999945
389,61.45,69.0,83.5,135.0,224.1
390,190.9,211.25,282.5,467.0,1115.7999999999993
391,204.05,308.0,434.0,810.25,1874.6499999999999
392,6.45,8.0,11.5,17.75,46.099999999999994
393,97.15,143.5,316.5,1424.5,6613.349999999988
394,71.25,103.5,212.0,457.0,1552.8999999999983
395,63.0,84.25,109.0,192.5,1424.6999999999975
396,190.85000000000002,232.25,302.5,459.0,1000.7999999999993
397,30.45,39.75,87.5,537.25,8030.599999999984
398,327.0,382.75,414.5,527.5,901.2999999999996
399,306.55,346.5,563.0,836.75,1387.1499999999999
400,1012.95,1148.75,1906.0,3206.75,10208.799999999988
401,166.8,197.0,368.5,612.5,4495.149999999994
402,1071.75,1204.0,1767.0,3095.25,5636.949999999998
403,122.45,198.0,297.0,478.5,1505.15
404,182.45,193.0,255.5,421.5,942.7999999999993
405,5.0,7.0,13.0,23.75,44.099999999999994
406,840.8,1067.75,1193.5,1681.75,3207.3999999999987
407,630.6,736.25,897.5,1648.5,3676.349999999996
408,123.9,138.0,177.0,315.5,650.05
409,3.0,4.0,5.0,9.0,15.0
410,712.9,834.0,1052.0,1362.25,3746.5499999999975
411,377.25,467.25,667.0,936.5,1743.9499999999994
412,65.44999999999999,82.75,114.5,188.0,334.85
413,23.0,39.25,77.0,274.25,3047.0999999999995
414,180.45,290.25,435.5,1102.75,2580.8499999999995
415,49.45,60.25,81.0,155.75,363.04999999999984
416,1127.5,1400.0,1872.5,3705.0,7653.299999999996
417,167.05,192.25,318.5,530.75,1156.6
418,93.8,108.25,134.0,190.25,372.75
419,167.5,234.25,318.0,600.75,2775.3499999999976
420,402.45000000000005,487.75,875.0,2150.75,7485.649999999995
421,18.450000000000003,24.0,32.0,74.5,203.34999999999997
422,100.0,118.25,156.5,249.75,434.24999999999983
423,279.45000000000005,309.5,398.5,705.0,2103.799999999997
424,1797.25,2403.5,2753.0,3582.0,6371.499999999998
425,45.0,56.75,82.0,195.25,790.8
426,90.9,125.5,205.5,365.75,852.6999999999998
427,44.45,61.0,77.0,134.25,294.2499999999998
428,422.7,503.75,824.0,2059.0,16314.299999999996
429,127.9,179.75,253.0,380.5,1206.4499999999991
430,20.0,32.0,51.5,88.75,656.1999999999981
431,253.45,302.75,422.0,708.25,1264.3999999999996
432,9.45,12.0,15.0,26.75,90.69999999999996
433,114.25,221.5,305.5,618.0,3513.7999999999993
434,115.9,138.25,198.5,476.25,1544.1499999999987
435,113.35,169.5,231.0,373.25,778.1499999999996
436,143.6,161.0,186.0,217.25,311.1999999999999
437,259.45,289.75,426.0,789.25,1391.25
438,166.45,186.5,259.5,378.75,927.7999999999993
439,383.25,540.5,710.5,1244.0,3863.349999999993
440,65.0,73.0,96.5,148.5,363.54999999999995
441,81.7,123.75,195.0,302.75,993.3999999999994
442,140.0,162.25,213.5,294.5,486.19999999999993
443,124.44999999999999,154.25,203.5,449.0,1924.2499999999995
444,123.0,147.0,181.5,273.75,526.7499999999999
445,104.0,135.75,228.0,482.5,2517.199999999998
446,63.349999999999994,117.5,182.0,350.5,1281.0499999999993
447,146.05,204.0,386.5,1582.5,2683.5
448,20.9,47.5,244.0,1415.0,6104.35
449,117.35,147.5,206.0,305.75,519.9
450,81.35,121.75,185.5,366.5,831.6999999999999
451,51.45,64.0,108.0,183.0,427.6999999999996
452,95.0,127.0,174.0,251.25,656.7999999999998
453,28.45,33.25,51.5,92.0,154.59999999999997
454,12.0,27.25,61.0,353.5,6280.65
455,119.9,168.5,257.0,525.0,1898.1499999999996
456,108.8,132.0,166.5,218.75,292.4
457,53.6,84.25,270.0,818.75,4655.849999999991
458,200.9,229.25,288.5,581.25,1359.0499999999993
459,233.2,342.0,538.5,773.5,3214.0499999999975
460,215.89999999999998,266.25,346.5,433.25,935.6999999999999
461,1.6,7.0,33.0,130.0,814.0
462,147.60000000000002,223.25,373.5,740.5,1381.6
463,31.9,36.0,64.0,156.25,668.9499999999999
464,54.35,73.0,129.0,241.0,944.5499999999996
465,29.0,34.25,59.5,104.25,654.3999999999988
466,323.9,499.25,980.0,1686.25,4954.449999999994
467,1.0,1.0,2.5,7.75,30.549999999999997
468,10.0,15.0,51.5,87.0,675.449999999999
469,99.35,138.75,204.5,352.0,774.899999999999
470,246.4,338.0,427.5,982.75,2140.95
471,54.0,76.25,132.0,457.0,1091.5
472,100.9,121.5,179.5,263.5,676.1999999999989
473,61.0,80.25,112.5,191.0,545.7499999999998
474,246.45,273.0,354.5,537.75,875.9499999999998
475,10.0,12.0,18.0,27.25,63.099999999999994
476,1.0,3.0,8.0,18.25,83.79999999999995
477,1.0,1.0,8.0,20.0,53.49999999999999
478,8.0,22.25,41.5,84.75,323.14999999999986
479,438.20000000000005,533.0,753.0,1127.0,2435.8499999999985
480,242.0,272.0,324.0,458.75,1090.6499999999996
481,155.8,249.5,616.0,1087.5,4575.0
482,116.0,121.5,164.0,225.25,300.29999999999995
483,171.25,277.0,528.5,1451.25,9635.799999999977
484,130.35,139.25,176.0,205.25,284.4
485,46.0,60.25,149.0,330.75,2951.2999999999993
486,210.05,279.25,427.5,826.75,3261.4999999999927
487,87.45,130.25,312.5,786.75,3738.149999999994
488,154.75,288.5,500.0,1019.0,4216.149999999997
489,1.0,1.25,2.0,3.0,4.0
490,332.45,494.25,672.0,905.25,2899.95
491,1.0,3.0,17.0,92.0,508.79999999999995
492,93.8,143.25,245.5,577.25,2047.049999999998
493,264.0,311.5,347.5,455.5,880.3499999999992
494,19.0,22.0,29.0,43.5,62.949999999999974
495,186.35000000000002,242.25,376.0,976.0,2643.3999999999996
496,75.35,92.0,130.0,194.5,673.5499999999993
497,90.45,123.75,172.0,356.25,1265.5999999999974
498,40.8,86.5,176.5,578.75,1068.55
499,136.9,156.0,226.0,353.75,1308.4999999999995
500,35.45,47.0,79.0,156.25,348.8499999999996
501,24.45,36.0,73.5,143.75,508.34999999999997
502,93.45,115.25,182.5,447.25,2050.6999999999994
503,22.450000000000003,34.0,53.5,109.5,1123.4499999999985
504,1224.35,1504.25,1934.5,2955.25,4792.049999999999
505,910.95,1245.0,1796.5,3476.75,10083.099999999995
506,1.3,11.5,175.0,652.0,92450.69999999991
507,438.85,500.0,645.5,920.5,1600.1999999999994
508,177.89999999999998,207.25,256.5,379.75,722.1499999999999
509,248.7,306.0,384.0,667.25,1070.75
510,905.5,1074.25,1862.0,2722.25,6502.75
511,74.45,82.75,96.0,130.0,151.29999999999998
512,39.0,50.25,94.5,210.75,354.49999999999994
513,74.0,87.5,219.0,657.75,4089.749999999997
514,146.8,195.0,304.0,462.5,804.55
515,14.45,17.25,23.0,57.5,148.64999999999986
516,3.0,3.0,5.0,8.5,15.0
517,38.0,48.0,73.5,239.5,1569.25
518,82.45,91.75,122.0,207.25,372.14999999999986
519,2.0,5.0,13.5,57.25,236.09999999999994
520,164.0,201.5,343.5,541.5,786.8999999999999
521,1.55,4.25,22.0,46.5,9841.199999999986
522,18.9,25.5,62.0,105.25,404.7999999999999
523,68.9,89.25,121.5,238.0,764.7999999999997
524,890.0,1065.0,1615.5,2419.0,4729.749999999998
525,204.45,241.0,309.0,369.5,699.0499999999997
526,422.3,583.75,835.5,1476.0,2917.9499999999994
527,23.45,45.0,85.0,138.0,438.54999999999995
528,59.9,66.25,80.5,143.5,365.4499999999996
529,617.15,764.75,1149.5,1828.25,5037.999999999996
530,107.45,131.0,184.0,313.25,812.95
531,82.45,95.75,142.5,256.25,643.75
532,36.6,88.75,208.0,378.5,1064.6999999999991
533,309.8,439.5,557.5,1139.25,4790.799999999998
534,113.0,137.75,234.5,324.5,4136.549999999987
535,40.0,47.5,72.5,104.25,232.29999999999993
536,68.45,97.25,220.5,473.25,1331.4499999999998
537,91.9,148.0,258.5,583.0,1553.9499999999994
538,52.45,55.0,61.0,77.25,145.79999999999995
539,26.0,35.0,43.5,77.75,182.59999999999997
540,102.0,135.75,256.5,399.75,2065.199999999997
541,76.15,95.25,138.0,254.5,419.65
542,333.35,399.75,558.5,710.25,1266.1999999999998
543,670.5,817.75,2613.5,5530.75,14683.849999999986
544,999.0,1274.0,1560.5,2156.25,4437.849999999996
545,326.8,376.25,550.0,866.75,1354.1999999999994
546,585.75,935.0,3315.0,5630.0,10789.999999999996
547,261.15,331.75,561.0,955.75,2270.6499999999974
548,6.45,11.0,43.5,167.5,880.4499999999999
549,208.85000000000002,293.25,582.5,1390.25,4209.549999999994
550,15.0,24.25,43.5,94.25,498.4499999999993
551,17.35,26.0,48.0,218.75,1673.599999999999
552,417.75,575.5,820.0,3145.5,12622.399999999994
553,94.35,134.5,213.0,458.0,2306.8999999999996
554,11.0,13.0,23.0,50.75,314.85
555,961.55,1112.0,1478.5,2325.0,5381.549999999999
556,236.14999999999998,292.5,424.0,851.0,9913.749999999978
557,298.35,380.75,467.5,656.5,1563.2499999999993
558,298.0,392.0,553.5,886.0,1501.2999999999997
559,167.0,185.75,223.5,306.5,544.2499999999999
560,27.45,38.25,62.5,93.5,252.0
561,802.05,1147.25,1420.5,2088.75,6698.749999999989
562,348.25,406.0,511.0,772.5,1965.749999999999
563,440.8,522.0,645.0,879.0,1986.9499999999998
564,39.9,59.0,119.0,319.5,1001.1999999999994
565,12.0,15.0,18.5,27.5,48.099999999999994
566,368.6,479.25,568.5,1190.25,2543.6499999999996
567,6.0,8.0,12.0,29.5,119.29999999999987
568,95.95,125.25,164.5,256.75,584.75
569,1.0,5.0,9.0,12.75,18.39999999999999
570,600.95,676.75,770.0,1170.5,2229.1499999999996
571,7.0,7.0,7.0,7.0,7.0
572,97.25,145.0,196.5,287.0,900.6999999999998
573,168.60000000000002,192.0,293.5,428.25,963.0499999999989
574,60.0,67.25,103.5,180.0,429.6499999999999
575,335.29999999999995,399.5,556.5,825.0,2260.899999999999
576,232.35,283.75,376.0,829.0,1385.9999999999998
577,1390.2,1661.0,2683.5,4438.25,12555.449999999997
578,206.05,230.25,319.5,637.75,1511.7999999999995
579,411.8,523.75,781.5,1205.0,3248.349999999999
580,92.44999999999999,120.0,192.5,360.5,768.8
581,111.45,134.25,210.5,323.75,547.1999999999998
582,241.5,313.75,505.5,1172.75,2487.3999999999996
583,80.0,97.5,135.5,187.75,325.3499999999999
584,333.5,411.5,512.5,605.25,1196.85
585,221.5,288.75,391.5,834.25,2316.0499999999984
586,380.9,483.0,646.5,1381.0,3781.2999999999984
587,49.45,84.25,129.0,211.5,381.7999999999997
588,88.45,104.5,147.0,414.0,1167.9999999999993
589,46.0,52.0,78.5,183.5,770.8999999999996
590,170.35000000000002,217.75,263.0,391.5,1156.5499999999993
591,32.45,36.0,48.5,79.25,240.74999999999983
592,143.14999999999998,211.5,361.0,689.0,2890.3999999999965
593,69.0,80.75,121.0,159.75,370.2499999999996
594,171.25,203.25,330.0,1214.5,2211.75
595,856.05,1067.75,1298.5,2060.0,3959.5499999999997
596,162.0,193.25,269.5,394.5,611.6999999999998
597,128.9,164.0,270.0,414.25,908.0999999999999
598,41.900000000000006,62.75,141.0,374.0,1373.4499999999994
599,37.0,43.0,46.0,56.75,84.84999999999998
600,101.0,126.5,222.0,444.25,982.2499999999999
601,357.0,418.25,575.5,784.0,1304.7499999999995
602,23.9,32.0,56.0,125.5,570.099999999999
603,167.0,202.25,308.0,478.75,1002.7499999999993
604,106.0,126.25,220.0,578.5,3159.2999999999925
605,6.45,21.25,99.5,202.0,1487.3499999999963
606,45.0,57.75,83.5,109.25,261.5
607,3.0,3.25,5.0,9.0,22.949999999999974
608,13.0,18.25,24.5,47.5,215.7499999999997
609,212.45,259.5,349.0,719.25,1187.9999999999995
610,121.0,138.25,168.5,252.75,484.09999999999985
611,519.9000000000001,613.0,895.5,1823.0,4871.849999999999
612,58.0,68.25,87.0,130.0,259.44999999999993
613,100.45,115.5,141.0,199.75,273.4
614,445.7,537.0,749.5,1440.75,4041.7499999999923
615,147.45,173.5,231.5,393.25,982.7499999999993
616,340.35,438.0,560.5,854.0,2194.7999999999997
617,26.0,68.75,137.0,308.0,1183.9999999999984
618,161.35,207.0,310.0,432.5,1332.7999999999997
619,49.900000000000006,82.0,122.5,220.25,1274.1999999999987
620,443.20000000000005,529.0,647.0,882.5,1458.8499999999988
621,105.15,188.25,318.0,1407.0,3800.6999999999994
622,486.79999999999995,596.75,734.5,1007.25,1937.3499999999983
623,82.25,137.75,213.5,412.25,5089.849999999984
624,77.35,96.25,115.0,169.75,257.29999999999995
625,177.60000000000002,237.5,371.5,645.75,2178.9499999999994
626,72.35,113.75,381.0,1241.25,3039.2499999999995
627,409.9,467.5,604.0,1042.5,2719.0499999999984
628,69.0,81.5,124.0,167.25,297.29999999999995
629,137.0,164.5,227.0,313.75,779.2999999999998
630,46.45,59.75,94.5,208.25,525.75
631,115.44999999999999,172.25,278.5,455.0,931.8999999999999
632,533.35,699.25,1006.5,1549.5,4403.949999999998
633,112.9,158.25,210.5,315.0,894.9499999999999
634,117.80000000000001,171.5,296.0,391.75,983.4499999999992
635,398.75,478.75,663.5,1315.25,3401.9999999999986
636,273.5,454.5,845.0,2459.5,12921.199999999986
637,578.05,803.75,1032.0,1423.75,2883.75
638,495.3,678.75,989.0,1578.5,5232.699999999991
639,1.0,3.0,5.0,17.75,67.24999999999996
640,132.9,158.5,229.5,463.5,1525.95
641,10.0,18.25,41.0,132.0,592.3499999999995
642,176.45,248.5,565.0,1295.5,3192.7
643,401.8,487.0,617.5,996.0,2461.1499999999987
644,399.45,508.0,663.5,1160.75,6330.5999999999985
645,90.45,126.0,201.5,345.5,675.6499999999994
646,97.8,120.25,180.0,289.5,650.2999999999995
647,17.0,20.0,30.5,49.25,94.19999999999999
648,69.45,81.75,126.0,208.25,591.6500000000001
649,365.45000000000005,450.75,575.0,765.75,1280.1999999999998
650,836.4,1072.0,1547.0,2668.0,4697.399999999999
651,236.45,293.25,411.5,663.25,974.4499999999998
652,278.95000000000005,408.5,494.0,934.5,1603.6499999999994
653,64.5,99.0,141.0,645.0,2212.5
654,436.70000000000005,508.0,734.5,1047.75,1867.3999999999987
655,7.0,10.25,16.5,42.5,1589.25
656,7.0,10.0,24.5,48.0,416.7999999999993
657,500.70000000000005,574.75,717.0,1175.5,1709.9
658,8.45,13.25,19.0,39.0,199.09999999999977
659,11.0,12.0,14.0,16.5,23.549999999999997
660,2.0,3.0,3.0,6.0,11.549999999999997
661,41.900000000000006,74.0,151.5,385.5,1873.6499999999999
662,35.0,42.25,80.5,134.75,301.2499999999998
663,23.45,40.25,68.5,241.0,631.0999999999997
664,1.0,1.0,1.0,1.0,3.0
665,157.15,245.0,425.5,695.0,2571.3999999999955
666,72.45,85.25,98.5,118.75,250.94999999999987
667,186.0,211.0,263.0,430.75,1506.3499999999951
668,1003.8,1208.25,1517.5,1947.5,2670.999999999999
669,240.89999999999998,323.5,501.5,1217.0,4131.399999999995
670,161.25,188.0,243.5,437.25,839.8999999999996
671,41.900000000000006,64.25,129.5,763.25,3164.4499999999985
672,25.450000000000003,36.0,61.5,106.25,205.94999999999982
673,157.45,181.5,256.5,424.5,1055.7499999999986
674,135.45,210.0,392.0,805.75,2765.6999999999994
675,43.45,53.0,74.5,279.25,2067.7499999999986
676,67.25,84.25,116.0,191.25,353.85
677,1.0,1.0,3.0,13.5,80.24999999999979
678,266.6,315.75,386.5,686.5,1227.75
679,575.05,676.25,801.0,1269.0,2128.6499999999996
680,17.0,22.0,32.5,117.25,1056.2999999999993
681,120.0,166.5,487.0,1053.75,7562.549999999985
682,36.45,50.25,71.5,117.25,250.5999999999998
683,260.7,377.0,1093.5,2984.5,14773.199999999995
684,65.44999999999999,85.75,134.0,219.0,1001.8999999999986
685,2033.65,2378.5,2685.0,5384.5,10641.149999999998
686,39.8,49.25,71.5,126.25,479.7999999999997
687,236.10000000000002,480.75,1019.0,2426.25,12163.54999999998
688,205.45,244.0,317.5,401.5,472.1
689,137.45,181.0,332.5,641.25,2508.8999999999987
690,97.9,124.25,175.5,222.75,1299.75
691,253.45,316.5,406.5,637.5,1507.4499999999982
692,33.0,39.0,61.5,113.5,246.54999999999995
693,1177.25,1320.5,1772.0,2281.5,6002.549999999998
694,48.0,57.0,94.0,164.5,344.2499999999999
695,125.85000000000001,206.75,340.5,612.0,1978.6499999999978
696,207.0,258.25,337.0,848.25,2721.149999999998
697,364.9,399.5,530.0,684.75,1268.4499999999994
698,359.85,591.0,1054.0,2047.0,9795.949999999983
699,72.45,94.25,136.0,172.25,212.64999999999998
700,45.0,59.75,89.0,159.75,451.49999999999903
701,181.0,207.0,252.5,432.25,1162.3499999999997
702,175.5,225.0,351.5,605.5,1089.85
703,227.0,240.0,283.5,330.25,782.7499999999994
704,17.450000000000003,21.0,26.0,31.25,111.49999999999997
705,5.45,27.25,537.5,3517.25,31093.499999999993
706,163.95,218.5,388.5,649.5,1279.3499999999995
707,123.80000000000001,169.0,201.0,313.5,813.4499999999996
708,78.05000000000001,146.75,354.5,1061.25,11292.649999999987
709,244.5,342.5,474.5,644.5,2038.3499999999997
710,32.0,37.25,61.0,106.5,456.7499999999992
711,140.35,162.75,204.0,288.5,559.1499999999999
712,170.35000000000002,217.5,319.5,1042.75,2984.0999999999967
713,253.45,292.75,351.5,507.5,898.55
714,125.44999999999999,163.75,221.0,378.25,4623.199999999993
715,1.0,1.0,2.0,7.0,21.95000000000001
716,169.8,281.0,646.0,1745.0,7109.399999999993
717,149.45,178.75,247.5,388.25,1217.1999999999998
718,7.0,9.0,17.0,42.5,148.04999999999973
719,8.45,10.0,13.0,16.0,34.0
720,580.05,792.0,1006.0,1483.0,3339.199999999999
721,57.25,71.75,98.0,144.5,394.4499999999998
722,119.0,132.0,224.5,382.75,1244.5499999999995
723,1415.1999999999998,1884.5,2547.5,4501.5,14080.399999999967
724,47.0,71.5,119.0,290.5,1770.2499999999984
725,32.45,41.0,54.0,100.75,1041.2499999999986
726,54.0,67.0,101.0,201.5,679.4499999999994
727,74.0,97.5,170.5,394.5,1276.8999999999987
728,394.6,508.75,657.5,1001.0,1899.9499999999998
729,41.15,56.5,105.5,261.75,2278.5999999999976
730,170.8,213.75,273.5,440.25,1431.6499999999992
731,55.45,68.5,105.0,194.75,424.55
732,72.0,78.25,97.0,121.75,323.4499999999995
733,248.2,314.5,455.0,952.25,1470.25
734,144.05,214.5,329.0,568.25,1987.5499999999997
735,11.45,14.0,22.5,30.0,64.34999999999995
736,116.0,144.25,250.0,434.0,2339.5999999999976
737,301.35,377.5,490.0,805.75,1937.4499999999994
738,20.0,26.5,48.5,99.0,330.7999999999998
739,142.45,216.5,471.5,1069.75,3654.099999999996
740,1.5,2.0,8.0,303.0,28255.0
741,45.900000000000006,70.0,114.5,231.5,874.1499999999997
742,65.44999999999999,80.0,106.5,195.25,386.2999999999996
743,283.0,321.75,419.0,776.75,1918.6999999999994
744,2.0,5.0,11.0,29.5,100.54999999999988
745,1.4500000000000002,2.0,3.0,7.0,16.549999999999997
746,346.45,440.25,636.0,1043.5,5161.149999999993
747,32.0,50.25,104.0,199.75,507.54999999999984
748,201.35000000000002,255.5,320.0,561.75,1980.9999999999995
749,59.45,75.0,152.0,296.25,1166.5499999999988
750,134.9,176.5,263.0,540.0,3220.0999999999995
751,15.0,23.0,91.0,360.25,2472.049999999997
752,14.0,20.0,28.0,70.5,270.0499999999999
753,278.9,320.5,369.0,471.25,651.75
754,81.9,90.25,119.5,178.0,335.39999999999975
755,147.7,176.25,282.0,476.5,1796.3999999999983
756,53.45,222.75,833.5,1589.0,4666.099999999993
757,4.0,5.0,7.0,10.5,28.299999999999983
758,238.0,257.25,287.5,382.0,482.49999999999994
759,293.79999999999995,402.25,481.0,789.75,1742.8499999999995
760,121.0,167.0,242.0,450.0,2455.0
761,8.0,9.0,12.5,17.0,26.64999999999999
762,44.45,55.0,72.0,110.25,342.4499999999993
763,739.7,927.5,1228.5,1793.25,3757.8999999999987
764,657.8,739.75,904.5,1370.5,2620.45
765,22.0,24.25,28.5,39.5,72.1
766,44.45,61.25,98.5,187.5,395.89999999999986
767,13.45,16.0,30.5,52.25,185.09999999999994
768,18.450000000000003,27.0,67.5,104.0,332.9499999999998
769,65.0,79.0,103.0,149.5,194.64999999999992
770,200.25,237.25,283.0,337.5,415.29999999999995
771,87.45,111.0,188.5,356.75,1276.0999999999965
772,1547.85,1693.0,2032.5,2666.5,3568.45
773,72.45,83.25,103.0,147.0,207.0
774,129.0,137.25,165.5,218.0,354.4499999999999
775,24.45,37.25,60.5,105.75,397.4499999999998
776,25.0,39.0,71.5,175.75,1250.1499999999978
777,121.85000000000001,159.75,216.0,328.5,590.2499999999998
778,126.0,154.75,238.0,350.25,1123.55
779,278.75,361.75,637.5,974.5,1396.1
780,351.45,535.25,1027.5,2282.0,6096.25
781,20.0,26.25,42.0,140.0,283.69999999999965
782,179.9,197.0,237.5,285.25,736.3499999999992
783,13.0,19.25,28.5,53.75,171.74999999999983
784,192.6,240.25,335.5,551.5,1859.8999999999992
785,1.0,5.25,42.5,174.0,533.9499999999997
786,508.25,672.25,800.5,1078.5,2603.1499999999983
787,55.0,64.0,80.0,127.5,213.55
788,311.6,336.25,404.5,524.75,770.0499999999998
789,202.45,228.5,373.0,857.5,1634.2999999999995
790,700.25,820.0,1076.5,2310.5,9366.049999999981
791,1270.1999999999998,1746.5,2469.0,4194.5,7460.45
792,98.35,131.25,202.0,378.5,1195.5999999999992
793,134.0,175.0,307.0,584.25,1494.0499999999997
794,33.0,40.0,79.0,129.75,337.54999999999995
795,440.5,675.5,1173.5,1934.5,5592.549999999999
796,133.8,182.25,242.5,414.75,1149.35
797,127.0,175.0,220.5,336.75,1121.2499999999993
798,97.44999999999999,132.25,177.0,341.5,889.7499999999992
799,327.7,384.0,508.5,732.5,1202.65
800,167.8,249.5,354.0,790.25,3125.8999999999933
801,210.89999999999998,250.75,402.5,593.75,2623.399999999995
802,74.25,86.25,115.5,152.75,230.49999999999994
803,92.44999999999999,108.25,156.0,252.75,704.05
804,26.450000000000003,43.75,68.0,123.75,540.149999999999
805,79.0,90.0,111.0,231.25,958.1499999999994
806,2.8,21.5,81.5,763.25,1599.349999999999
807,37.0,50.0,79.5,167.0,368.84999999999997
808,546.1,678.0,847.0,1526.5,2741.0999999999995
809,177.60000000000002,220.5,407.0,820.25,5084.999999999999
810,224.35000000000002,276.0,359.5,564.75,1645.249999999998
811,99.35,123.25,173.5,356.25,1101.9499999999998
812,90.45,100.0,125.0,176.25,440.64999999999986
813,234.9,271.75,316.0,401.5,566.7
814,22.450000000000003,44.0,65.5,137.0,624.05
815,69.85,105.25,191.0,485.0,1829.049999999998
816,93.05,118.0,223.0,630.25,3122.0499999999993
817,124.7,156.5,238.5,428.25,690.55
818,185.5,271.25,436.5,685.0,1838.4999999999984
819,26.9,33.25,56.0,105.25,275.55
820,74.0,99.25,135.0,220.25,721.3999999999997
821,130.9,179.75,297.0,579.75,2247.3499999999985
822,107.9,151.5,210.0,384.25,746.9499999999995
823,16.0,21.25,33.0,69.25,312.8499999999999
824,142.0,181.25,255.5,453.0,1033.0499999999997
825,117.35,196.75,403.0,1507.5,4510.0999999999985
826,204.45,238.75,329.0,432.5,1187.4999999999995
827,402.8,450.25,530.5,669.5,1876.7999999999993
828,21.0,39.75,61.0,106.0,183.39999999999986
829,206.35,243.25,396.5,673.75,1789.9499999999998
830,246.79999999999998,255.0,317.0,601.25,1204.5
831,160.0,187.25,258.0,475.25,783.5
832,602.65,995.25,1611.0,3065.0,5826.7
833,40.45,57.25,93.0,178.25,1720.1999999999994
834,101.9,119.25,166.0,357.0,662.3499999999997
835,333.3,462.0,622.0,1240.5,4748.65
836,116.9,175.25,303.5,604.25,1781.2499999999995
837,30.45,34.25,48.5,95.25,187.59999999999997
838,41.45,77.0,221.0,603.25,8695.899999999983
839,701.9000000000001,945.5,1491.0,2191.25,6222.749999999996
840,149.35000000000002,174.5,217.5,444.5,1825.549999999998
841,666.65,802.75,1002.5,1489.25,2769.1
842,275.05,341.75,391.0,611.5,1463.9499999999991
843,364.9,517.0,746.0,1265.5,2186.2999999999993
844,203.0,249.5,330.5,503.5,749.0999999999999
845,248.89999999999998,339.5,663.5,1042.5,2081.0499999999993
846,1315.45,1435.5,1713.0,2143.25,4334.649999999998
847,207.35000000000002,255.75,376.0,723.75,3823.449999999989
848,86.44999999999999,104.5,145.0,237.0,338.3499999999999
849,506.34999999999997,587.25,753.0,1215.0,3874.2499999999986
850,38.0,47.25,59.0,88.5,197.64999999999998
851,111.0,123.25,135.5,183.5,283.1499999999999
852,715.35,786.25,1010.0,1619.25,2894.15
853,153.0,172.0,200.5,260.25,409.94999999999993
854,361.6,397.75,485.0,663.75,907.9999999999994
855,24.0,30.0,47.0,79.5,125.64999999999993
856,58.45,65.0,84.0,164.5,410.39999999999947
857,492.0,620.5,1010.0,1845.25,7151.949999999994
858,74.9,87.0,116.0,196.75,479.4499999999997
859,216.0,266.25,408.0,1044.0,5819.499999999982
860,303.25,354.25,447.0,771.5,1196.6499999999996
861,95.0,109.5,144.0,263.25,440.59999999999997
862,69.45,91.0,111.0,187.25,379.3999999999999
863,307.85,395.75,530.5,888.25,1458.95
864,495.8,586.0,885.0,1924.5,8038.149999999991
865,362.15,472.5,612.5,934.25,1529.1999999999994
866,255.15,286.0,401.0,768.25,1219.6999999999998
867,99.15,226.75,635.0,3338.0,12322.249999999996
868,1.0,1.0,1.0,1.0,3.0
869,24.45,29.25,45.5,85.75,140.64999999999998
870,126.9,168.5,305.5,1041.0,3546.649999999997
871,84.45,96.5,119.0,184.75,306.3
872,324.4,407.75,568.0,874.0,2047.0999999999997
873,96.80000000000001,122.75,162.0,332.5,988.8499999999993
874,414.85,505.25,613.5,928.5,1944.8499999999995
875,54.45,62.0,82.5,196.25,772.6499999999994
876,42.0,58.0,96.0,160.75,463.04999999999995
877,64.9,102.75,152.5,282.0,1129.9999999999993
878,237.05,316.75,395.5,649.0,2209.7999999999993
879,298.05,377.0,613.0,1695.0,9374.35
880,45.0,56.0,73.0,110.25,242.09999999999994
881,71.45,87.75,128.5,215.0,511.04999999999995
882,5.0,7.0,10.5,123.0,527.7999999999996
883,87.45,104.25,144.0,233.0,492.89999999999975
884,170.35000000000002,194.25,253.0,334.0,732.9499999999996
885,21.0,31.0,58.0,161.5,694.1499999999993
886,55.0,65.75,94.5,148.5,533.75
887,129.8,176.25,337.5,1015.75,2271.5499999999993
888,191.85000000000002,271.0,379.5,771.5,2363.8499999999995
889,62.9,103.0,165.5,319.75,700.7999999999997
890,190.45,232.25,322.0,451.0,830.2999999999998
891,135.9,203.0,318.0,459.25,1499.2999999999975
892,42.900000000000006,55.5,104.0,223.75,1062.1499999999996
893,103.0,132.25,175.0,323.75,585.1
894,691.9000000000001,783.75,873.5,1309.75,2008.35
895,35.45,42.5,86.5,155.0,393.09999999999957
896,19.45,26.0,33.0,56.75,613.3499999999982
897,276.25,305.0,388.0,503.75,1253.1499999999996
898,169.9,219.25,267.5,347.5,610.0999999999998
899,58.35,65.25,87.0,102.75,130.1
900,112.0,126.5,171.0,226.75,502.3499999999999
901,58.0,63.25,95.0,132.25,447.09999999999957
902,442.8,711.0,1951.5,3919.25,15180.249999999982
903,343.3,536.5,1134.5,2490.0,18457.54999999997
904,39.9,68.5,169.0,392.5,3277.2999999999975
905,137.25,203.5,350.0,681.0,3065.649999999999
906,148.9,172.25,237.0,410.75,877.05
907,188.25,259.5,507.0,611.25,2248.249999999999
908,141.5,185.5,326.5,573.75,1728.5499999999997
909,43.45,53.0,68.0,103.0,191.95
910,83.44999999999999,124.75,194.0,542.5,1603.0499999999993
911,1.0,7.0,12.0,43.5,265.4
912,70.0,82.25,94.0,123.75,160.34999999999997
913,289.15,329.0,393.0,585.5,910.0499999999995
914,104.9,116.0,140.0,278.0,1481.6499999999999
915,83.6,133.25,176.0,259.75,428.04999999999995
916,170.05,240.25,318.5,699.5,2514.1499999999987
917,56.45,72.0,86.0,110.0,210.44999999999987
918,197.9,215.75,267.0,420.75,662.1999999999997
919,1.0,1.0,2.0,8.0,26.0
920,303.15,411.25,575.0,874.5,1858.9499999999998
921,219.9,278.25,359.0,537.0,1104.2999999999995
922,46.45,53.0,69.0,91.75,168.84999999999997
923,57.25,73.0,98.0,147.5,1003.6999999999997
924,6.9,11.25,35.5,81.25,144.84999999999997
925,2.45,3.0,4.0,6.75,11.549999999999997
926,203.45,245.25,451.0,1210.0,2237.6499999999987
927,57.8,75.0,99.0,188.25,1166.3499999999992
928,12.0,12.0,12.0,12.0,12.0
929,1.0,1.0,3.0,7.0,46.7999999999999
930,111.6,132.5,160.5,215.75,544.6500000000001
931,422.4,502.0,673.5,1011.5,1346.5499999999997
932,168.45,213.5,371.0,566.25,1397.55
933,296.79999999999995,353.0,509.5,762.0,1914.1499999999978
934,148.9,167.25,195.5,264.75,415.3499999999999
935,232.9,271.25,407.5,676.5,2165.0999999999976
936,202.45,243.0,327.5,405.0,839.1
937,278.7,397.25,514.5,723.5,2964.599999999998
938,70.9,108.25,162.0,322.75,3907.749999999998
939,85.25,145.5,303.5,821.75,2110.75
940,81.8,123.0,177.0,399.25,741.3999999999997
941,230.89999999999998,270.5,380.0,546.5,1020.1499999999996
942,426.0,510.5,872.5,1615.5,4653.649999999993
943,42.35,64.5,118.0,237.5,499.8499999999999
944,175.9,199.25,245.5,382.75,746.65
945,477.15,514.75,669.0,853.0,1295.1499999999999
946,24.45,33.0,58.5,141.25,244.69999999999993
947,127.6,230.5,669.5,1732.25,9976.749999999996
948,96.9,128.75,180.0,289.5,1262.5499999999975
949,2.0,2.0,2.0,4.0,17.099999999999994
950,198.45,243.0,352.5,736.25,2117.849999999998
951,3.0,4.0,4.5,6.0,10.0
952,149.45,182.25,217.5,290.75,492.29999999999995
953,48.0,65.0,132.5,233.0,1265.4499999999994
954,165.9,221.0,286.0,430.5,823.2499999999994
955,44.0,62.25,89.0,169.25,524.5499999999996
956,81.44999999999999,111.25,220.5,591.0,1656.9499999999998
957,184.60000000000002,219.5,351.0,540.75,1095.25
958,48.45,70.0,114.0,363.0,1504.9499999999994
959,62.9,79.25,104.0,149.75,274.6999999999996
960,17.0,22.25,33.5,50.5,155.69999999999985
961,650.1500000000001,759.0,842.5,1249.5,2138.2999999999993
962,413.75,529.75,786.5,1357.5,3015.4999999999973
963,98.25,119.75,180.0,414.5,1011.25
964,57.5,94.0,162.5,469.0,1747.9999999999995
965,807.45,1062.5,1658.0,3067.25,4567.35
966,48.45,56.5,68.5,101.5,156.04999999999995
967,152.4,220.5,352.0,770.5,1741.1999999999991
968,57.400000000000006,86.75,131.0,224.25,1236.0499999999997
969,78.25,98.0,137.5,248.0,570.8
970,408.25,477.25,604.5,945.5,1829.1499999999996
971,158.45,197.0,241.5,495.25,1101.15
972,33.45,35.0,39.0,53.75,104.34999999999995
973,49.0,70.25,103.5,146.0,604.2999999999994
974,7.45,11.0,18.0,41.75,128.94999999999993
975,5.0,6.0,11.5,28.0,138.89999999999984
976,375.95,425.5,552.0,763.75,1903.5499999999975
977,77.9,113.0,242.0,521.0,2755.5999999999976
978,135.45,210.5,359.0,1209.0,4973.699999999999
979,88.80000000000001,108.25,163.0,294.75,596.2999999999993
980,118.7,166.0,354.5,1046.25,3470.249999999998
981,173.89999999999998,211.75,280.5,520.75,2586.4999999999995
982,249.45,291.5,438.0,640.75,1482.9999999999998
983,92.44999999999999,120.75,158.5,300.75,983.0499999999996
984,741.5,899.5,1106.0,1422.75,3234.9999999999986
985,53.35,63.0,84.0,116.75,184.44999999999993
986,39.0,48.75,58.5,85.75,117.19999999999999
987,621.4000000000001,754.75,1070.5,1580.5,4556.75
988,24.45,37.0,86.0,455.25,1480.7999999999997
989,3.45,9.5,36.5,91.75,873.8499999999987
990,229.05,279.5,396.5,573.25,1322.7499999999986
991,165.25,226.25,279.0,374.5,810.6499999999997
992,315.85,376.25,532.0,773.0,1697.0999999999992
993,378.8,456.25,571.5,1169.75,2153.7
994,118.44999999999999,151.0,336.0,645.25,10950.04999999997
995,122.35000000000001,143.25,242.5,457.25,1066.3999999999996
996,399.35,522.25,735.0,1365.75,3400.099999999997
997,109.0,145.75,189.5,324.5,752.5499999999997
998,2.0,3.0,6.0,16.75,24.0
999,372.45000000000005,461.75,658.0,1188.25,2457.999999999998
1000,765.25,873.25,1081.5,1926.0,3208.8
1001,61.45,67.25,93.0,144.75,287.2
1002,223.25,290.75,535.5,1260.0,6437.2999999999865
1003,561.0,673.5,875.5,1480.75,3443.8499999999995
1004,18.0,21.0,28.5,47.75,69.1
1005,23.0,28.25,39.5,70.0,198.74999999999977
1006,149.0,168.75,212.5,363.5,519.9
1007,398.45,431.25,514.5,755.0,921.4999999999999
1008,78.9,96.25,165.5,255.5,779.7999999999993
1009,27.0,33.25,43.0,80.25,211.2
1010,111.35,137.25,220.0,397.0,709.0499999999998
1011,432.1,756.75,1628.5,4600.0,7403.999999999998
1012,616.45,1129.0,1446.0,2954.25,11749.449999999986
1013,53.0,60.5,82.5,117.0,223.94999999999993
1014,99.15,179.5,321.0,601.0,2008.449999999999
1015,187.35000000000002,244.0,325.0,483.5,1910.6499999999996
1016,1419.9,2219.25,3459.0,7120.0,12228.749999999996
1017,148.45,165.25,229.5,394.75,1080.1999999999996
1018,82.0,96.0,119.5,146.5,209.14999999999992
1019,188.8,246.0,328.0,693.75,1652.1499999999996
1020,1.0,1.0,1.0,4.0,7.999999999999999
1021,13.0,14.0,16.5,21.0,25.549999999999997
1022,302.05,398.75,500.5,710.25,1266.6
1023,7.0,10.0,15.0,39.25,78.64999999999999
1024,26.450000000000003,33.25,47.0,91.75,442.6999999999991
1025,4.0,5.0,8.0,25.5,215.19999999999982
1026,9.45,12.0,24.0,48.5,146.89999999999995
1027,212.05,234.5,330.0,462.75,964.4499999999991
1028,559.7,761.25,1112.5,2571.75,5070.849999999998
1029,33.45,39.25,51.5,72.75,123.64999999999999
1030,59.45,71.5,91.5,124.25,257.44999999999993
1031,65.35,123.0,313.0,858.75,3710.749999999999
1032,56.0,73.0,95.5,166.0,296.15
1033,30.0,41.0,58.0,123.75,264.59999999999997
1034,300.85,371.5,614.0,1838.0,8278.349999999984
1035,69.45,114.5,192.5,395.0,909.6999999999998
1036,2.0,3.0,5.0,8.75,28.64999999999999
1037,16.0,30.25,110.5,396.5,1947.7499999999995
1038,106.9,138.0,248.5,460.5,1264.5999999999985
1039,77.45,91.25,119.0,167.75,251.8499999999999
1040,236.2,318.25,500.0,874.75,2383.0999999999985
1041,256.6,358.5,488.5,1215.75,3542.5499999999975
1042,128.9,152.25,196.0,273.0,453.44999999999993
1043,60.449999999999996,79.0,135.5,235.75,714.7499999999994
1044,73.44999999999999,89.25,113.5,183.25,427.7999999999995
1045,84.7,119.25,211.0,351.0,1058.2999999999995
1046,246.45,298.25,404.5,803.0,16416.84999999996
1047,46.25,64.25,83.0,112.5,325.8499999999998
1048,65.44999999999999,73.0,82.5,116.25,241.89999999999995
1049,9.0,11.0,13.0,18.0,46.099999999999994
1050,575.3499999999999,677.25,854.5,1531.5,3835.099999999998
1051,123.45,147.0,341.0,781.75,1856.65
1052,115.69999999999999,152.25,176.5,237.75,652.6999999999994
1053,767.45,907.0,1086.5,1432.5,2182.7
1054,460.9,501.0,557.0,740.0,1185.5
1055,120.0,133.25,161.5,237.75,445.0499999999997
1056,395.45000000000005,478.5,676.0,1429.25,3249.25
1057,276.9,318.5,403.5,623.0,1158.0999999999997
1058,149.0,164.25,216.5,285.25,564.05
1059,174.9,201.5,268.0,455.75,1293.1999999999994
1060,283.0,410.0,695.0,1606.5,2679.5499999999993
1061,296.6,331.5,487.0,765.5,1698.199999999999
1062,2.0,3.0,5.5,22.0,101.44999999999995
1063,253.45,295.25,384.0,658.75,2625.2999999999984
1064,157.45,176.75,223.0,313.25,1664.799999999996
1065,8.0,10.25,14.0,25.75,59.55
1066,32.0,36.0,56.0,100.25,387.3499999999992
1067,154.0,166.0,257.5,368.0,851.0999999999999
1068,59.45,70.5,88.5,136.25,271.7499999999999
1069,134.0,159.0,231.0,363.5,854.1999999999999
1070,240.89999999999998,322.75,515.5,1040.75,2326.2999999999993
1071,449.0,525.25,628.0,1064.5,1401.15
1072,366.95000000000005,461.75,643.0,1243.75,3116.2999999999984
1073,183.89999999999998,256.5,341.5,535.0,893.5999999999996
1074,236.5,340.25,426.5,960.0,4086.399999999996
1075,89.0,110.75,187.0,386.75,1457.3499999999997
1076,30.0,36.25,49.5,82.75,211.49999999999997
1077,281.45,338.25,384.5,503.0,717.5499999999998
1078,127.9,214.25,414.0,745.75,1900.9999999999989
1079,327.45,400.5,576.5,858.0,2723.2999999999975
1080,70.45,100.75,135.5,351.75,2241.0999999999935
1081,241.6,294.5,466.0,727.5,1461.2499999999993
1082,408.15,461.5,592.0,790.5,1564.049999999999
1083,122.69999999999999,137.25,160.0,198.75,387.24999999999983
1084,621.35,786.75,1092.0,1453.5,2426.4999999999995
1085,97.9,130.25,262.0,500.0,1478.8499999999979
1086,210.45,292.5,366.5,566.25,1090.9999999999995
1087,67.45,74.0,86.0,109.25,140.89999999999995
1088,388.15,462.0,702.0,957.75,1715.6499999999996
1089,627.35,726.5,904.5,1456.5,4205.399999999999
1090,471.9,613.5,870.5,1364.25,4379.5999999999985
1091,2085.75,2593.75,3555.0,6027.5,9943.799999999997
1092,118.0,162.25,918.5,1252.25,4424.749999999998
1093,86.5,159.0,338.0,893.25,2850.5999999999995
1094,166.45,193.25,331.0,518.0,1372.1499999999983
1095,283.9,346.75,436.0,640.75,1572.7999999999997
1096,151.45,183.5,275.5,407.0,843.7499999999991
1097,254.45,293.0,380.0,598.5,1751.5499999999988
1098,199.0,229.0,306.5,380.0,1081.5499999999997
1099,1.0,1.0,1.0,2.0,2.0
1100,124.9,176.75,247.5,433.25,1066.9499999999996
1101,39.349999999999994,54.75,117.0,240.25,892.5999999999997
1102,35.45,42.25,53.5,81.25,197.8499999999999
1103,1287.9,1537.0,2310.5,4616.75,16254.349999999995
1104,79.9,92.0,117.5,145.5,218.04999999999995
1105,264.45,312.0,459.5,749.25,1683.4499999999998
1106,20.0,24.0,29.5,42.0,228.64999999999986
1107,114.35,166.25,210.5,327.75,665.9499999999997
1108,183.45,218.25,336.0,703.0,2389.0499999999993
1109,146.8,197.5,384.0,1088.25,5064.449999999992
1110,148.45,159.0,201.0,276.25,380.7999999999999
1111,210.35000000000002,306.75,449.0,959.0,1461.9499999999987
1112,702.4,778.75,968.5,1208.75,2493.5499999999997
1113,19.0,21.0,26.0,35.75,63.84999999999998
1114,550.8,638.25,761.5,1050.5,2158.699999999999
1115,579.7,638.75,757.5,898.75,1105.5499999999997
1116,40.0,44.25,55.5,82.5,109.64999999999999
1117,14.0,17.0,21.5,49.25,80.19999999999999
1118,156.35,197.75,418.0,824.25,2307.0999999999995
1119,228.45,272.5,379.0,500.5,944.5499999999994
1120,113.44999999999999,143.5,197.5,368.0,852.4499999999998
1121,5.0,6.0,8.0,9.0,12.549999999999997
1122,165.9,194.0,268.5,427.0,817.3499999999998
1123,59.800000000000004,83.5,146.0,336.5,902.6999999999987
1124,366.05,431.75,667.5,1392.25,7670.04999999999
1125,178.25,219.0,253.5,400.25,1059.0
1126,216.60000000000002,256.5,319.0,445.25,968.2499999999998
1127,776.9,1041.5,2038.0,3845.0,15050.449999999999
1128,237.8,318.75,394.5,545.75,1322.8499999999995
1129,171.8,208.0,267.0,444.25,776.3999999999995
1130,163.7,207.75,286.5,401.0,788.7999999999997
1131,113.44999999999999,127.5,152.5,237.5,619.6999999999996
1132,129.9,179.25,261.0,403.25,766.3499999999999
1133,70.9,83.0,117.5,198.0,329.39999999999986
1134,188.89999999999998,254.75,354.5,641.5,1972.5999999999988
1135,441.5,656.5,992.5,1538.75,4009.6499999999974
1136,163.45,193.0,263.0,615.0,1224.6999999999998
1137,159.5,215.0,356.0,1089.0,7285.199999999998
1138,37.45,50.25,82.5,220.5,923.9499999999992
1139,213.8,226.25,258.5,358.75,430.09999999999997
1140,218.7,298.25,440.5,895.0,3748.649999999996
1141,242.4,271.75,356.0,598.0,1078.3999999999994
1142,265.5,340.75,444.5,725.5,1443.6
1143,71.25,94.5,144.5,298.25,1380.9999999999977
1144,37.0,47.25,60.5,88.0,163.95
1145,285.45,351.75,455.5,1166.0,4871.699999999999
1146,184.45,222.75,305.5,500.5,1313.3499999999997
1147,1.0,1.0,1.0,1.0,2.0
1148,377.45000000000005,460.75,592.5,816.25,2113.35
1149,70.45,106.5,202.0,459.0,2919.0999999999985
1150,71.45,96.0,178.0,376.25,622.8999999999994
1151,23.6,26.0,29.0,60.5,85.7
1152,385.0,516.0,729.0,1160.75,2537.6
1153,62.45,72.5,101.0,173.0,564.8499999999999
1154,264.45,308.25,371.0,555.0,889.2499999999997
1155,263.9,680.75,1186.5,2351.0,11188.499999999996
1156,108.44999999999999,126.0,177.5,296.25,944.0999999999995
1157,131.45,147.25,180.0,261.75,484.34999999999974
1158,517.9,609.0,772.0,1013.0,3633.899999999996
1159,82.0,90.25,103.0,151.0,223.2499999999999
1160,1161.35,1509.0,1818.0,2832.5,6616.749999999996
1161,44.900000000000006,64.5,112.5,279.25,944.4499999999994
1162,38.35,49.75,86.5,184.5,390.4999999999999
1163,334.6,481.5,652.5,1112.0,2487.799999999999
1164,7.0,8.0,10.0,14.0,20.0
1165,157.0,181.5,243.0,403.5,2227.399999999996
1166,688.6,952.75,1367.0,2332.5,5357.0
1167,197.0,218.5,308.5,533.25,1228.3999999999996
1168,268.9,340.25,393.0,492.75,799.3499999999999
1169,40.0,52.0,88.0,163.0,381.14999999999975
1170,86.15,134.25,181.5,261.25,452.9
1171,261.45,333.0,422.0,623.75,1588.4999999999986
1172,1.0,1.0,1.0,2.0,2.8999999999999986
1173,48.0,56.0,94.0,170.0,397.8499999999997
1174,5.0,7.0,16.0,30.0,71.54999999999994
1175,35.45,50.0,72.5,103.25,134.89999999999995
1176,18.0,22.25,31.0,57.5,300.2999999999995
1177,245.35000000000002,338.75,410.5,768.0,2628.349999999997
1178,52.900000000000006,92.5,172.0,385.75,1140.1999999999978
1179,56.0,68.75,114.0,246.75,1554.1
1180,133.35,176.25,352.0,715.5,1866.3
1181,497.2,804.75,1282.5,2260.5,8145.3999999999905
1182,278.65,572.25,1654.5,3293.75,14002.999999999982
1183,88.80000000000001,121.75,195.5,400.75,675.75
1184,151.45,182.5,265.5,447.0,806.8999999999999
1185,80.80000000000001,128.25,192.5,555.75,1936.8499999999997
1186,157.35,195.0,337.0,726.75,2229.199999999998
1187,34328.0,34328.0,34328.0,34328.0,34328.0
1188,320.9,428.5,739.0,1178.75,15337.599999999995
1189,477.0,527.75,661.0,911.75,2024.2999999999993
1190,1.0,1.0,1.0,2.0,4.549999999999997
1191,74.45,105.0,134.5,212.5,640.0999999999993
1192,41.45,68.25,124.5,292.75,747.1499999999999
1193,244.0,272.5,324.0,387.0,553.75
1194,1.0,1.0,1.5,4.75,7.0
1195,105.44999999999999,119.25,145.5,222.5,301.9
1196,211.60000000000002,319.25,644.0,1547.25,2475.5
1197,66.0,90.75,116.0,147.0,724.7999999999982
1198,79.9,103.5,177.5,380.5,673.7499999999997
1199,167.5,200.75,292.0,529.25,1170.6499999999999
1200,147.7,178.25,270.5,484.75,1074.5
1201,57.45,71.25,96.0,166.25,347.1999999999999
1202,255.45,288.0,344.0,534.75,942.4499999999989
1203,8.0,10.0,14.0,18.75,32.099999999999994
1204,115.05000000000001,169.75,319.0,483.25,1135.3
1205,423.85,454.0,592.5,824.75,1220.1499999999996
1206,394.15,465.5,532.0,780.5,1746.199999999999
1207,514.8,625.75,780.5,1221.5,3508.7999999999956
1208,172.35,216.25,297.0,369.75,1258.2499999999995
1209,1.0,1.0,1.0,1.25,1.8499999999999996
1210,53.45,60.75,107.5,196.25,788.1999999999991
1211,89.35,127.25,171.5,316.25,771.0499999999993
1212,356.35,380.5,518.0,825.5,1448.2999999999993
1213,300.8,438.75,742.0,1958.0,13776.14999999995
1214,295.45,365.0,442.5,638.0,1828.1499999999996
1215,286.9,338.0,525.5,762.0,4138.54999999999
1216,12.0,13.0,14.0,21.75,74.59999999999997
1217,34.45,46.5,69.5,130.0,605.7499999999998
1218,97.35,130.75,183.5,439.25,1897.9499999999985
1219,4.0,4.0,6.0,8.0,16.549999999999997
1220,62.45,84.25,106.5,250.75,659.5999999999999
1221,38.45,56.5,108.0,214.5,529.3999999999999
1222,258.0,336.5,401.5,600.25,1044.1499999999999
1223,26.0,30.25,48.5,152.25,313.4499999999999
1224,57.0,69.25,94.0,163.25,389.0
1225,191.14999999999998,242.5,388.5,950.5,2176.45
1226,70.9,87.0,103.5,131.5,201.39999999999992
1227,127.0,145.25,191.0,318.75,543.05
1228,113.44999999999999,175.0,295.0,809.75,2239.6
1229,128.0,147.25,191.0,294.0,479.54999999999995
1230,234.45,267.0,369.0,598.25,1754.7499999999989
1231,118.44999999999999,132.25,160.5,240.75,432.04999999999995
1232,85.0,124.0,268.0,784.25,2843.1499999999996
1233,529.4000000000001,699.75,890.5,1377.5,2883.3999999999996
1234,34.45,39.25,51.5,87.25,234.64999999999986
1235,325.5,487.5,642.5,1004.5,1978.8999999999996
1236,59.45,77.0,111.0,213.75,654.7
1237,209.7,238.25,307.0,352.5,776.2999999999997
1238,121.35,177.25,247.5,420.25,2820.749999999999
1239,35.45,51.5,81.0,177.0,606.7
1240,143.45,182.75,243.0,421.5,917.95
1241,137.45,169.0,244.5,388.5,946.9499999999991
1242,181.9,215.5,326.5,535.75,1087.7499999999993
1243,127.0,166.5,343.5,714.0,1521.3499999999995
1244,110.9,147.25,190.5,336.0,915.0999999999995
1245,4.0,9.25,16.5,30.5,53.749999999999986
1246,702.45,835.25,1000.5,1501.75,5424.099999999999
1247,151.8,171.5,227.0,272.0,421.79999999999984
1248,321.25,376.25,518.0,833.5,2046.249999999999
1249,98.25,135.25,197.5,344.5,489.94999999999993
1250,60.0,76.25,103.5,145.75,402.0
1251,320.4,469.75,620.5,1124.0,3942.099999999995
1252,221.25,263.0,368.5,678.5,2070.9499999999975
1253,196.45,285.0,394.5,993.75,2145.4499999999994
1254,49.35,62.0,110.5,163.5,265.1999999999999
1255,100.45,117.0,137.5,202.0,390.94999999999993
1256,88.45,104.25,152.5,208.0,367.8999999999999
1257,17.0,20.25,30.5,53.75,333.7499999999993
1258,110.35,141.75,195.5,392.25,666.3
1259,132.4,185.25,257.5,393.5,835.5
1260,315.45,365.0,447.0,613.75,1433.25
1261,170.35000000000002,250.0,355.5,605.0,1179.4499999999998
1262,114.9,126.0,162.0,368.75,543.8499999999999
1263,73.9,93.25,146.5,209.25,673.5499999999997
1264,1.0,1.0,1.0,1.0,11.44999999999999
1265,356.15,441.5,521.0,716.0,1466.049999999999
1266,16.45,27.5,49.5,188.25,860.099999999999
1267,195.9,257.5,417.5,935.25,2495.699999999999
1268,6.0,9.25,33.0,73.5,221.6499999999998
1269,224.9,288.5,382.5,636.5,1291.5499999999993
1270,511.15,594.5,682.0,1080.5,2180.45
1271,234.0,356.25,548.0,725.75,1666.4499999999996
1272,167.45,221.0,326.5,482.75,871.1499999999994
1273,125.0,156.75,247.0,483.5,1064.85
1274,1.0,1.0,1.0,2.0,5.549999999999997
1275,23.0,34.5,78.0,283.5,1149.3499999999997
1276,44.45,67.5,97.5,244.5,791.5999999999998
1277,36.8,63.75,159.0,997.0,2945.9499999999985
1278,153.45,200.25,278.0,501.0,1433.8499999999985
1279,264.8,324.25,483.5,853.25,2195.0499999999993
1280,393.45,652.5,1710.0,10910.75,31263.399999999994
1281,202.05,225.75,269.5,410.25,830.5999999999999
1282,85.45,105.5,137.5,188.75,397.4499999999999
1283,38.45,47.25,62.0,84.25,200.04999999999995
1284,69.9,93.0,149.0,271.5,1138.4999999999993
1285,153.15,200.0,314.0,557.0,1376.2499999999989
1286,242.45,304.75,397.0,596.0,1450.5499999999993
1287,259.20000000000005,329.75,745.0,1504.0,4785.1499999999905
1288,61.45,67.25,101.5,150.5,338.84999999999985
1289,337.35,375.5,499.5,633.0,1648.299999999997
1290,274.8,330.25,428.5,662.5,1980.7999999999997
1291,436.0,553.0,851.0,1154.25,3008.499999999999
1292,74.8,85.25,114.0,244.0,538.5499999999997
1293,95.45,158.5,402.0,1040.75,2729.1999999999994
1294,1.0,1.0,1.0,1.0,1.0
1295,416.79999999999995,467.25,579.0,716.5,1122.1
1296,179.25,281.0,461.5,980.25,4030.45
1297,64.80000000000001,97.0,155.5,338.5,1136.3499999999997
1298,15.0,21.0,27.0,43.0,61.29999999999998
1299,544.95,655.5,930.5,1254.0,3376.8999999999996
1300,256.0,309.75,440.0,700.75,1307.35
1301,128.45,156.0,230.0,305.75,457.5999999999996
1302,101.9,120.25,204.0,354.5,1388.3999999999978
1303,327.0,374.25,498.5,652.0,1003.3999999999996
1304,28.0,34.0,42.0,63.0,116.59999999999997
1305,364.35,465.0,638.5,1062.75,1624.5999999999992
1306,306.45000000000005,368.5,560.0,863.0,2114.1999999999994
1307,128.45,149.5,195.0,339.0,721.7999999999995
1308,23.45,42.5,72.0,352.25,1149.4
1309,58.900000000000006,82.25,137.5,365.75,1121.6499999999992
1310,216.2,282.5,397.0,791.75,1459.0499999999997
1311,96.9,116.5,166.5,252.75,835.0999999999996
1312,18.450000000000003,27.25,51.5,128.5,479.1499999999995
1313,138.5,217.0,378.5,988.5,3469.45
1314,187.6,305.75,408.5,1101.25,2595.5499999999993
1315,569.45,688.25,853.0,1550.25,4631.449999999997
1316,239.35,382.25,484.5,1093.25,4388.899999999997
1317,266.9,373.25,480.0,1179.5,5514.049999999999
1318,13.45,17.25,27.5,36.5,80.1
1319,58.0,71.0,98.0,134.0,285.04999999999995
1320,40.0,52.25,105.5,210.5,561.9499999999996
1321,151.35,177.25,350.5,1325.0,2503.7499999999995
1322,100.0,114.75,145.0,192.5,402.54999999999984
1323,213.9,310.25,464.0,746.0,2741.999999999997
1324,533.3,637.25,788.5,1172.25,3016.6499999999987
1325,128.0,162.75,216.0,323.25,739.1499999999999
1326,248.8,344.5,536.0,1028.0,3163.9999999999986
1327,13.45,21.25,36.0,96.75,252.89999999999998
1328,565.3499999999999,670.5,986.5,1477.0,2620.499999999999
1329,66.9,96.25,204.0,446.25,2297.399999999997
1330,89.9,126.75,157.0,279.0,745.2
1331,54.9,90.5,181.0,331.25,999.4499999999998
1332,206.45,233.25,313.0,441.75,2038.849999999999
1333,16.0,22.0,42.5,94.5,301.2499999999999
1334,497.5,624.75,1147.0,2108.5,4592.049999999998
1335,10.0,12.0,14.5,22.25,32.55
1336,396.3,607.25,1224.5,2925.75,16026.699999999975
1337,103.35,127.75,150.5,222.25,556.0499999999993
1338,179.9,219.25,289.5,389.25,1050.1999999999994
1339,1028.7,1347.0,1915.5,3281.75,6386.149999999995
1340,52.45,69.0,116.5,219.75,1153.7999999999995
1341,72.25,123.75,236.0,467.25,1174.2499999999998
1342,190.3,247.75,425.5,724.5,1465.55
1343,19.0,29.25,58.0,86.75,248.44999999999987
1344,6.0,6.0,9.0,18.5,52.799999999999955
1345,168.35,196.25,263.5,423.5,2841.699999999994
1346,647.05,804.0,1046.5,1595.25,3567.6
1347,180.15,213.75,275.0,378.25,983.25
1348,18.9,26.0,45.0,83.0,349.4999999999999
1349,128.0,142.5,173.5,261.5,403.9999999999999
1350,3.45,5.0,8.0,15.0,44.04999999999997
1351,6.0,9.0,12.0,19.5,36.749999999999986
1352,61.349999999999994,76.0,136.5,216.25,806.55
1353,192.8,208.25,252.0,349.0,595.7499999999997
1354,331.05,461.75,599.0,1166.25,2953.6999999999994
1355,438.9,529.25,586.5,735.5,8308.949999999964
1356,86.44999999999999,112.0,149.0,260.5,624.2
1357,141.89999999999998,166.25,224.0,515.0,1130.7999999999997
1358,24.0,28.25,44.5,65.75,206.0499999999999
1359,65.8,78.75,140.0,255.25,853.5499999999995
1360,2138.5,2330.0,2646.0,3639.0,6671.749999999998
1361,271.9,313.5,440.0,899.75,2424.349999999999
1362,157.75,253.25,337.0,521.75,1499.1499999999996
1363,12.0,15.25,25.5,44.5,84.79999999999995
1364,194.25,244.25,492.5,794.25,3294.949999999999
1365,213.45,266.25,388.0,582.75,1062.6999999999998
1366,59.45,101.25,229.5,668.5,3171.4999999999923
1367,172.8,267.75,370.0,656.5,1901.6999999999994
1368,142.6,174.5,233.0,286.5,576.4499999999995
1369,130.45,178.75,271.5,399.75,942.2499999999994
1370,32.0,36.0,50.0,97.0,698.5999999999995
1371,748.1500000000001,1015.25,1187.0,1768.5,4323.399999999997
1372,356.05,487.0,717.5,1021.5,2076.8499999999985
1373,57.0,68.0,86.5,134.25,325.5999999999997
1374,115.0,134.75,227.5,489.75,1802.5499999999993
1375,361.0,489.0,640.5,1266.5,2939.5499999999997
1376,42.0,49.5,70.5,166.25,3143.3999999999996
1377,329.7,389.5,517.5,727.5,2318.4999999999995
1378,19.45,28.0,50.5,62.5,111.55
1379,81.7,108.0,151.0,329.75,1130.1999999999998
1380,43.800000000000004,88.0,147.5,400.25,1664.4499999999991
1381,261.7,321.0,421.5,877.75,2163.049999999999
1382,240.89999999999998,278.5,348.0,472.5,793.3999999999996
1383,235.15,384.75,636.0,1346.25,3841.0499999999925
1384,1091.9,1649.5,2280.5,3967.5,6905.049999999999
1385,253.89999999999998,335.25,504.0,886.5,2498.1499999999965
1386,406.3,536.0,703.5,1159.25,2123.749999999999
1387,19.0,29.25,52.5,155.0,778.4999999999985
1388,25.450000000000003,36.25,58.0,121.5,333.1999999999995
1389,13.45,16.0,20.0,30.75,63.55
1390,15.0,18.25,25.0,40.0,89.19999999999999
1391,284.04999999999995,354.25,600.0,875.75,1764.0999999999995
1392,27.0,33.0,47.0,83.0,206.09999999999988
1393,123.45,160.25,292.5,382.5,609.7499999999993
1394,2.6,12.5,29.0,70.5,320.49999999999994
1395,116.9,133.0,196.0,277.25,507.9
1396,173.8,206.5,276.5,451.0,780.3
1397,169.9,206.25,319.0,523.75,1250.6999999999996
1398,115.0,138.0,173.5,243.75,608.5999999999996
1399,42.45,50.25,65.0,82.5,164.75
1400,508.15,574.0,663.0,900.0,1597.05
1401,1.0,1.0,1.0,1.0,2.4499999999999993
1402,149.0,172.0,210.5,352.0,1346.6499999999992
1403,101.9,122.75,169.5,318.5,552.8999999999999
1404,272.90000000000003,355.75,500.0,702.75,1496.6499999999992
1405,435.45,499.0,662.5,1234.75,3264.8499999999967
1406,182.05,244.75,391.5,729.25,1366.499999999999
1407,14.0,18.0,30.5,58.5,358.69999999999976
1408,76.25,132.25,228.5,491.25,2249.299999999997
1409,4.45,20.5,93.5,363.5,3003.0499999999993
1410,63.0,81.5,142.5,353.25,866.049999999999
1411,4.0,5.0,6.0,10.0,25.549999999999997
1412,89.9,122.75,248.5,469.75,1112.0499999999988
1413,171.45,219.0,295.0,470.75,963.9499999999989
1414,145.35,185.0,270.5,386.5,774.6999999999992
1415,748.3499999999999,857.25,1306.0,2439.25,11710.999999999989
1416,115.0,165.75,389.0,1152.0,4077.3999999999996
1417,143.9,193.25,295.5,424.25,820.3999999999996
1418,377.4,497.5,619.0,1027.25,1942.949999999999
1419,80.35,113.25,155.0,268.25,808.4499999999999
1420,213.45,296.25,542.0,831.0,2139.7499999999986
1421,148.45,168.0,215.0,343.25,554.4999999999998
1422,187.05,236.75,355.5,487.25,2067.6999999999953
1423,201.45,273.0,468.5,1153.0,3457.0
1424,65.05000000000001,102.75,164.0,332.75,1524.7999999999984
1425,305.0,355.5,449.5,637.0,1374.5499999999988
1426,135.35,196.25,330.0,556.0,1982.4499999999994
1427,696.9,805.5,1074.5,1229.0,1843.3999999999985
1428,71.9,92.0,145.0,355.25,890.3499999999992
1429,237.3,353.25,513.5,1301.75,2584.7999999999984
1430,32.45,39.5,46.5,79.25,191.89999999999995
1431,1298.15,1472.0,1767.0,2701.25,7444.899999999991
1432,8.45,21.0,34.5,71.0,446.9999999999988
1433,367.29999999999995,536.0,738.5,1194.0,1925.8499999999995
1434,2.0,7.5,62.5,341.25,1416.9499999999994
1435,103.0,114.5,140.0,189.75,281.59999999999985
1436,204.0,238.5,435.0,803.25,9454.049999999997
1437,73.0,108.75,170.5,322.0,1655.6999999999966
1438,112.45,129.5,196.5,330.75,667.2499999999999
1439,105.44999999999999,164.5,278.5,734.25,8050.549999999981
1440,395.6,494.0,701.5,1289.25,3574.5999999999995
1441,106.45,126.75,178.0,439.75,1511.9499999999985
1442,24.0,37.0,111.5,501.0,2006.0999999999997
1443,135.15,176.25,260.5,488.25,885.1499999999999
1444,149.7,179.75,228.5,427.0,790.4499999999997
1445,160.45,263.0,498.5,1032.0,3082.8999999999983
1446,146.7,215.5,310.0,490.75,922.3999999999994
1447,6220.0,6220.0,6220.0,6220.0,6220.0
1448,178.45,228.25,297.0,401.5,552.8999999999997
1449,108.0,117.25,156.0,232.75,376.0999999999999
1450,390.7,473.75,796.0,1865.75,3412.6499999999996
1451,70.9,98.5,129.0,225.75,1020.0999999999999
1452,47.0,56.0,68.5,117.75,277.9499999999997
1453,521.8,613.0,819.0,1236.25,1834.4499999999996
1454,404.95000000000005,563.75,856.0,2039.75,4087.8999999999987
1455,569.0,639.25,879.5,1123.5,3176.949999999996
1456,36.0,39.25,51.0,75.75,116.74999999999999
1457,76.9,107.75,185.5,283.0,1138.299999999999
1458,131.45,157.5,248.0,315.0,501.95
1459,79.25,101.0,125.0,244.5,440.3499999999994
1460,227.0,329.0,477.0,1198.5,3075.7
1461,209.35,238.0,285.0,414.0,903.3999999999993
1462,33.0,42.25,50.0,94.25,538.9999999999999
1463,106.0,130.25,161.0,255.25,512.8499999999996
1464,782.1500000000001,857.0,1039.5,1292.25,2056.7499999999995
1465,57.0,62.25,78.5,114.25,222.99999999999994
1466,4.0,5.0,6.0,10.0,20.099999999999994
1467,73.44999999999999,100.5,158.0,299.25,845.3999999999993
1468,182.60000000000002,256.75,378.5,1073.75,8866.599999999997
1469,210.2,326.0,415.0,774.75,5667.049999999988
1470,172.60000000000002,227.25,431.0,1145.25,4780.099999999998
1471,141.0,160.75,197.5,295.0,687.5999999999999
1472,78.80000000000001,142.0,242.0,844.75,2075.85
1473,61.0,86.0,136.0,553.0,6306.29999999999
1474,1.0,1.0,1.5,3.0,5.399999999999999
1475,112.94999999999999,155.75,219.5,461.5,1238.85
1476,20.45,25.0,31.5,48.75,97.74999999999999
1477,910.0,1103.75,1421.5,1849.25,3388.9999999999986
1478,41.0,46.25,56.5,68.0,97.29999999999998
1479,379.85,479.25,716.5,1163.0,3055.2
1480,30.45,45.25,84.0,151.5,514.55
1481,159.45,174.75,220.0,279.75,378.0
1482,112.35,129.75,209.5,315.25,5340.299999999991
1483,306.7,387.75,623.5,1173.5,3943.749999999996
1484,5.0,7.0,13.0,22.0,45.04999999999997
1485,361.45000000000005,411.0,576.0,992.5,1493.2999999999993
1486,108.35,144.0,253.0,418.75,938.2499999999997
1487,9.0,15.25,58.0,155.25,1229.5999999999979
1488,439.0,544.0,763.0,1204.75,2910.6999999999985
1489,710.45,844.25,1078.5,1747.75,3761.5499999999993
1490,63.45,88.0,119.5,194.25,813.0999999999975
1491,147.45,175.75,214.0,514.25,1545.8999999999978
1492,94.35,126.25,185.5,302.25,611.1499999999999
1493,174.95,215.75,288.0,416.75,1013.7999999999995
1494,75.0,133.0,232.0,511.5,1156.1
1495,170.45,185.75,227.5,294.5,376.94999999999993
1496,169.9,204.25,291.5,478.0,1617.5
1497,107.45,151.75,223.0,382.5,1121.3499999999995
1498,112.45,119.75,143.0,170.75,235.59999999999985
1499,145.45,162.25,224.0,364.25,1080.2999999999993
1500,164.9,200.25,281.5,572.25,831.6999999999999
1501,106.2,159.25,302.0,578.0,1561.9999999999995
1502,112.35,148.0,217.0,385.5,1547.9499999999962
1503,1.0,1.0,1.0,1.0,2.0
1504,779.45,919.25,1434.5,2305.5,9940.499999999985
1505,9.0,10.0,11.0,15.5,56.99999999999994
1506,40.0,46.25,64.0,85.5,193.09999999999988
1507,60.35,74.25,101.0,150.0,198.69999999999996
1508,198.45,239.75,407.5,676.25,1624.7499999999998
1509,104.45,129.5,170.5,236.25,776.9499999999994
1510,50.150000000000006,72.25,105.0,194.25,352.29999999999995
1511,10.000000000000002,106.0,115.0,121.0,3822.3999999999965
1512,125.44999999999999,162.0,240.0,370.75,772.3499999999991
1513,265.35,318.75,418.0,627.75,1587.5999999999995
1514,46.45,58.25,73.5,118.5,516.1999999999994
1515,126.35,159.5,263.5,443.75,1091.5499999999993
1516,231.25,283.25,400.5,556.0,1031.0
1517,630.0,785.75,1081.5,1632.5,2889.1999999999994
1518,290.8,328.0,443.0,642.5,1506.9499999999998
1519,2.0,4.0,7.5,31.5,669.4499999999994
1520,34.900000000000006,41.25,57.5,93.75,669.4499999999994
1521,354.2,439.0,734.5,1247.0,2845.4499999999985
1522,102.44999999999999,156.0,262.5,445.0,4995.9499999999925
1523,81.9,110.0,154.5,395.75,1583.8499999999979
1524,181.14999999999998,222.25,268.0,333.75,649.4999999999999
1525,236.45,296.25,412.0,579.25,978.1999999999994
1526,146.8,172.25,201.5,281.25,470.3499999999999
1527,180.35000000000002,250.5,316.5,555.0,925.8499999999995
1528,1.0,1.75,3.0,14.25,141.1500000000001
1529,415.4,479.0,613.0,954.75,1591.6499999999999
1530,44.45,55.5,94.5,212.0,740.0999999999999
1531,15.0,18.25,30.0,46.5,92.34999999999995
1532,194.25,213.25,276.5,375.25,608.4499999999999
1533,73.35,85.25,118.5,308.0,913.1999999999996
1534,56.0,72.75,138.5,240.25,407.39999999999986
1535,57.900000000000006,68.0,92.5,170.0,664.6499999999999
1536,72.35,105.25,146.0,253.0,663.5499999999995
1537,82.45,104.25,134.5,219.0,828.0999999999987
1538,12.45,15.0,26.0,38.75,93.59999999999997
1539,306.9,358.75,465.5,770.5,1702.1999999999998
1540,426.75,569.75,860.5,1241.0,2053.85
1541,30.0,41.0,56.0,113.75,249.2
1542,146.45,178.0,277.0,553.25,1906.5
1543,125.44999999999999,167.0,312.5,492.0,1798.349999999999
1544,76.35,91.25,120.0,199.75,506.25
1545,831.6500000000001,1054.0,1307.0,2415.75,4692.249999999997
1546,261.35,370.75,566.0,1053.75,4650.45
1547,129.45,205.75,403.5,838.0,2270.7999999999993
1548,444.0,520.0,856.5,1373.75,3896.4999999999955
1549,172.25,203.25,256.5,325.25,716.7999999999995
1550,114.0,136.25,167.5,199.0,394.04999999999967
1551,266.75,323.0,496.5,789.0,2240.299999999999
1552,46.45,50.0,67.5,125.75,286.3
1553,50.0,61.25,100.5,145.75,397.5999999999997
1554,30.0,37.25,53.0,72.0,98.94999999999997
1555,22.0,26.0,38.5,70.5,250.8499999999996
1556,36.0,47.0,75.5,123.5,457.7999999999998
1557,86.44999999999999,119.0,169.5,385.0,1042.9499999999998
1558,326.9,382.25,513.0,698.5,999.8999999999997
1559,77.9,96.0,149.0,284.0,1176.9999999999993
1560,77.0,91.75,116.5,152.25,394.4999999999992
1561,397.25,446.5,499.0,708.0,1306.8999999999996
1562,293.0,293.0,293.0,293.0,293.0
1563,6.0,8.0,14.0,39.25,97.14999999999996
1564,138.45,186.5,263.5,445.0,833.9999999999998
1565,264.35,374.75,596.5,1438.5,6499.799999999996
1566,233.0,263.25,384.5,675.75,1440.8999999999996
1567,230.89999999999998,276.0,322.0,519.5,950.4499999999998
1568,455.45,546.0,729.0,1178.25,3253.95
1569,174.0,210.5,277.5,634.25,1589.0499999999997
1570,174.9,284.0,494.0,1293.75,4508.949999999999
1571,570.6500000000001,915.25,1434.5,2454.0,3884.499999999998
1572,1.0,2.0,3.0,7.0,12.199999999999996
1573,143.0,169.0,216.0,323.25,464.54999999999995
1574,422.45,506.0,647.5,944.25,1751.4999999999982
1575,25.450000000000003,30.0,36.0,50.0,94.99999999999994
1576,140.0,150.0,171.5,235.75,434.54999999999995
1577,768.85,993.0,1203.5,1752.0,3180.8499999999985
1578,19.45,26.0,38.0,56.0,90.39999999999998
1579,138.45,195.75,411.5,703.0,3775.75
1580,50.150000000000006,70.75,124.0,471.5,2980.95
1581,277.0,306.75,407.5,699.75,1187.75
1582,105.44999999999999,125.0,151.5,176.0,251.64999999999992
1583,38.45,48.5,72.0,299.5,1163.25
1584,3.0,3.0,3.0,3.0,3.0
1585,337.25,386.5,533.0,812.75,1583.75
1586,104.35,127.25,210.0,314.25,567.1499999999997
1587,47.45,54.0,72.5,108.75,231.1
1588,92.15,118.25,213.0,613.75,3200.5999999999995
1589,109.45,124.25,148.0,220.75,353.59999999999997
1590,45.0,54.0,67.5,120.25,225.14999999999998
1591,78.9,114.75,232.0,381.5,1410.3999999999967
1592,107.75,153.0,286.0,694.5,4341.099999999997
1593,43.800000000000004,82.0,191.0,323.25,3378.5499999999993
1594,129.45,143.5,232.0,389.25,863.1999999999996
1595,95.45,114.25,182.0,284.75,721.9
1596,536.15,647.25,1122.5,2654.0,6520.699999999996
1597,1.0,1.0,1.0,1.0,1.0
1598,31.45,34.25,40.5,60.0,107.39999999999998
1599,48.45,62.25,107.0,164.5,709.3999999999994
1600,69.9,113.25,210.5,1021.0,2245.5499999999993
1601,237.25,327.0,531.5,919.5,2615.2999999999947
1602,285.1,477.5,664.0,1075.25,3349.199999999998
1603,79.45,108.25,135.0,175.5,419.39999999999986
1604,221.65,450.25,726.0,1862.5,6545.649999999994
1605,35.45,52.0,72.5,130.0,331.64999999999986
1606,27.45,36.25,46.0,80.75,153.4999999999998
1607,166.89999999999998,237.75,394.5,777.25,1749.449999999999
1608,321.2,381.75,553.5,872.25,2443.1499999999965
1609,820.6,978.25,1209.5,2183.25,4087.1499999999987
1610,50.45,77.25,104.5,164.25,333.59999999999997
1611,148.9,169.5,264.0,443.5,890.3999999999999
1612,170.0,239.75,358.5,692.75,1822.149999999999
1613,784.0999999999999,883.5,1051.5,1319.75,2209.5
1614,140.0,151.0,185.0,255.75,276.75
1615,103.9,128.0,225.5,441.75,1385.1499999999994
1616,225.39999999999998,299.25,420.5,634.5,1177.0
1617,352.0,458.25,678.5,1040.5,2409.55
1618,39.0,55.0,92.0,210.25,1181.299999999998
1619,148.6,186.25,226.0,332.75,592.6500000000001
1620,107.9,138.25,277.5,687.25,1814.3499999999967
1621,137.7,171.0,265.5,505.25,1450.8999999999996
1622,19.45,29.25,38.0,126.25,384.2499999999999
1623,134.3,166.5,224.0,328.0,543.1999999999999
1624,4.0,5.0,6.5,10.75,36.19999999999999
1625,31.0,36.25,45.0,57.75,80.94999999999997
1626,335.35,410.25,561.5,770.5,1514.749999999999
1627,101.9,116.75,170.5,334.5,735.55
1628,81.44999999999999,103.25,125.0,185.5,467.14999999999986
1629,136.45000000000002,176.5,300.0,563.25,1807.65
1630,210.35,249.75,326.5,690.0,1757.5499999999988
1631,2.0,4.25,6.0,11.75,40.39999999999998
1632,333.6,382.25,476.5,789.5,1670.7999999999988
1633,205.45,248.5,327.0,587.5,1196.6999999999998
1634,1.0,1.0,1.0,105.0,1775.399999999999
1635,222.35,355.25,674.0,1871.75,5903.949999999999
1636,116.9,162.25,304.5,570.25,2549.0499999999993
1637,98.45,141.25,206.5,332.75,1344.999999999998
1638,277.25,320.75,416.0,496.75,985.2999999999997
1639,166.0,212.0,239.0,311.0,462.5499999999999
1640,172.25,230.0,434.5,1095.75,2548.3499999999967
1641,1.0,1.0,2.0,4.0,29.64999999999999
1642,23.0,27.0,33.5,65.75,200.69999999999968
1643,64.9,120.25,226.0,417.75,1620.799999999999
1644,77.35,107.75,220.5,498.25,1574.0499999999997
1645,16.0,20.0,25.0,33.0,44.0
1646,138.45,173.25,223.0,288.0,567.0999999999996
1647,57.45,80.25,112.5,158.5,546.8499999999999
1648,45.0,55.25,68.5,107.75,174.0499999999999
1649,195.9,224.0,303.0,452.25,678.8499999999999
1650,502.05,573.0,631.5,846.75,1364.1
1651,363.0,431.25,603.0,846.5,1409.349999999999
1652,316.25,415.5,827.0,1329.5,5222.349999999998
1653,1003.4000000000001,1075.0,1382.5,2375.5,4615.749999999998
1654,220.45,275.25,411.0,749.5,1620.4999999999995
1655,890.8499999999999,973.5,1220.0,1572.75,3686.2999999999965
1656,100.9,117.25,157.0,283.0,620.0999999999998
1657,1.0,2.0,5.5,18.0,333.75
1658,30.0,41.25,71.0,152.5,619.9499999999991
1659,3.0,4.0,5.0,9.0,104.44999999999983
1660,189.45,228.5,287.5,456.5,776.8499999999997
1661,85.9,140.5,210.5,358.5,591.9499999999998
1662,173.35,237.25,320.5,620.0,1413.2999999999988
1663,104.80000000000001,118.25,137.5,209.25,451.54999999999995
1664,99.44999999999999,119.75,151.5,241.5,385.1499999999999
1665,152.60000000000002,198.0,263.5,471.75,1718.6999999999994
1666,132.8,157.75,219.5,497.5,1270.599999999999
1667,194.45,234.25,348.5,493.5,1793.7999999999963
1668,4.0,5.25,12.0,22.0,46.299999999999926
1669,298.5,326.75,390.5,525.25,1007.7499999999998
1670,146.0,205.75,307.5,604.5,1108.75
1671,1.0,7.0,48.0,166.0,2624.399999999999
1672,122.9,163.0,250.5,499.5,1105.2999999999986
1673,186.8,226.25,273.0,480.5,827.2999999999994
1674,78.44999999999999,82.25,104.5,148.5,292.4499999999998
1675,79.0,104.5,148.5,204.0,508.29999999999995
1676,172.45,200.75,347.0,603.5,1178.2499999999998
1677,381.45,421.5,490.0,589.0,929.8499999999997
1678,103.0,122.5,161.0,243.5,456.04999999999984
1679,1.0,1.0,1.0,2.0,5.199999999999953
1680,270.9,356.25,563.5,849.5,2026.1
1681,181.9,193.5,222.0,294.75,420.15
1682,95.7,129.5,211.0,317.5,719.3
1683,54.0,69.0,100.5,236.5,626.7999999999996
1684,21.0,22.0,25.0,28.0,39.099999999999994
1685,201.15,266.0,514.5,1013.0,2614.7499999999977
1686,167.25,226.5,379.0,748.0,1657.1999999999994
1687,1.0,1.25,7.5,31.75,813.4999999999975
1688,1.0,13.0,89.0,370.0,2171.0
1689,119.44999999999999,164.25,259.5,490.25,1845.9499999999969
1690,27.45,32.5,53.5,119.75,259.59999999999997
1691,237.4,297.25,435.0,907.5,3608.1
1692,72.45,117.25,216.0,495.75,1071.3499999999997
1693,159.0,182.0,213.0,318.25,423.8499999999998
1694,266.45,313.25,365.5,576.25,1375.5499999999997
1695,53.45,61.25,73.5,101.5,219.54999999999995
1696,227.8,264.5,313.0,646.5,1385.25
1697,89.15,169.25,428.5,1713.0,8939.84999999998
1698,217.7,236.5,280.0,379.75,692.4999999999993
1699,85.45,113.25,141.5,212.25,574.4
1700,736.45,817.0,952.0,1198.25,1883.8499999999992
1701,51.45,61.0,90.5,118.5,308.54999999999984
1702,75.0,105.75,164.0,381.25,1257.4499999999991
1703,83.44999999999999,106.0,147.0,245.25,1228.2999999999993
1704,184.89999999999998,260.75,474.5,1263.75,3795.449999999996
1705,120.8,142.25,172.0,225.5,503.1999999999995
1706,19.9,24.0,37.5,54.75,103.55
1707,89.44999999999999,99.25,124.5,161.5,220.54999999999987
1708,1.0,1.0,1.0,1.0,1.0
1709,110.35,199.5,315.0,574.75,1212.1999999999996
1710,333.0,452.5,641.0,1214.25,3083.249999999997
1711,149.35000000000002,192.75,305.5,517.75,1203.1
1712,75.45,134.0,229.5,519.75,1669.1999999999998
1713,678.3499999999999,797.25,1138.0,1881.25,6371.499999999994
1714,88.45,167.0,327.5,1039.5,4860.149999999999
1715,104.9,123.25,153.5,218.75,377.7499999999997
1716,305.05,390.5,512.0,1083.25,2221.3999999999996
1717,98.45,127.25,196.0,402.5,1120.1499999999994
1718,125.44999999999999,149.0,216.0,393.5,1864.1499999999987
1719,62.45,85.0,140.5,310.25,1621.7999999999984
1720,72.9,111.0,182.0,419.75,970.1499999999999
1721,151.89999999999998,170.0,192.5,224.25,319.59999999999997
1722,151.35,172.25,299.0,551.75,4036.5499999999956
1723,248.89999999999998,398.25,660.0,3132.0,15566.399999999983
1724,827.05,1009.25,1479.5,2293.75,3491.199999999999
1725,363.45000000000005,485.75,719.5,1071.0,1737.6499999999996
1726,44.8,69.25,150.0,256.25,492.04999999999984
1727,298.79999999999995,352.25,456.5,679.25,1205.3499999999992
1728,11.45,20.25,27.0,41.25,156.29999999999987
1729,2.0,3.0,7.0,12.75,37.69999999999996
1730,13.0,16.25,25.0,36.25,65.59999999999997
1731,27.0,40.75,69.0,136.25,313.3999999999998
1732,201.45,235.0,322.5,547.0,1371.8499999999985
1733,303.7,463.25,892.0,2859.25,6734.049999999996
1734,26.450000000000003,30.0,37.5,69.75,148.09999999999988
1735,563.75,657.0,765.0,1028.25,1727.499999999999
1736,1399.6,1635.25,2278.5,3511.25,8556.599999999999
1737,100.0,121.25,143.0,191.0,296.19999999999993
1738,383.25,440.5,505.5,710.75,2266.8499999999995
1739,123.7,166.25,240.0,572.5,1238.2499999999993
1740,846.0,975.75,1136.0,1496.5,2391.8499999999995
1741,337.4,424.0,697.5,1114.25,2169.75
1742,14.0,17.0,24.0,41.75,67.59999999999997
1743,40.0,49.0,59.0,78.0,128.55
1744,29.900000000000002,39.0,51.5,104.25,229.5499999999999
1745,215.25,333.0,491.0,1072.25,2551.8999999999987
1746,74.8,108.0,215.5,476.75,2368.449999999996
1747,377.20000000000005,563.25,875.0,1761.0,12568.949999999964
1748,230.25,303.0,620.0,1424.25,4314.0999999999985
1749,223.8,258.75,384.0,809.75,3416.9
1750,152.60000000000002,185.25,215.5,333.5,674.3499999999995
1751,2137.8,2553.0,4493.0,5855.75,12613.499999999975
1752,155.0,245.75,426.5,610.0,1081.4999999999998
1753,375.15,402.0,531.0,803.25,1809.35
1754,59.45,98.0,142.5,262.5,1327.5999999999997
1755,72.9,101.75,136.5,268.75,769.9499999999994
1756,194.05,332.0,425.0,1184.0,4936.449999999999
1757,297.5,337.75,443.5,654.25,1168.2999999999997
1758,219.75,253.25,321.5,496.75,740.1999999999998
1759,100.45,119.25,145.5,200.25,439.89999999999986
1760,45.45,70.25,145.5,359.25,2083.8499999999995
1761,26.0,28.25,33.0,43.0,75.59999999999997
1762,142.25,190.25,382.0,1009.25,3312.499999999994
1763,264.9,325.75,428.5,624.0,1020.1999999999998
1764,33.0,38.25,49.0,63.5,146.8499999999999
1765,57.35,98.5,206.5,439.0,1320.65
1766,1243.4,1956.25,2469.0,3363.5,9440.149999999992
1767,222.35,273.0,323.0,478.0,663.0999999999998
1768,184.05,271.0,527.5,1317.25,3005.7
1769,81.0,105.5,150.0,336.25,2359.099999999999
1770,178.45,202.25,257.5,362.75,514.7999999999997
1771,154.25,197.0,305.0,550.5,1241.1499999999999
1772,99.9,123.75,175.5,460.5,1395.6499999999994
1773,268.7,308.0,404.0,547.0,1008.2499999999998
1774,1791.3,2052.0,2583.0,3280.0,5957.799999999991
1775,73.0,85.5,108.0,136.5,275.09999999999997
1776,910.2,1047.0,1319.5,1785.25,3032.499999999998
1777,185.8,209.0,246.0,291.5,546.4499999999997
1778,274.1,330.5,391.5,468.5,719.1499999999999
1779,356.45,400.5,492.0,710.5,1412.4999999999998
1780,214.10000000000002,268.25,335.5,431.5,876.5
1781,51.0,69.25,110.5,447.0,1471.199999999997
1782,58.900000000000006,84.25,152.0,345.5,1119.2999999999995
1783,20.0,26.0,40.0,75.75,138.49999999999997
1784,90.45,105.0,146.5,240.25,808.1999999999994
1785,150.9,178.75,220.5,276.75,611.0499999999995
1786,48.0,64.0,106.0,170.5,470.6499999999995
1787,443.29999999999995,604.5,827.0,1535.5,3683.249999999999
1788,147.65,205.25,423.0,873.75,2346.299999999999
1789,140.25,173.75,280.5,489.0,1572.5
1790,51.45,67.75,91.0,177.75,608.8
1791,85.9,104.25,128.0,241.25,804.1999999999992
1792,18.0,21.25,24.5,31.0,41.19999999999999
1793,43.45,54.0,83.0,142.75,261.0499999999997
1794,513.45,574.0,741.5,997.75,2435.2
1795,9.0,11.25,17.0,23.0,52.14999999999996
1796,48.0,62.25,89.0,129.75,271.39999999999947
1797,375.45000000000005,444.25,708.5,1765.75,5154.0
1798,142.45,162.75,235.5,369.75,614.6499999999999
1799,129.45,182.25,312.5,560.75,2047.25
1800,81.6,110.0,238.0,557.25,1943.7499999999982
1801,367.35,452.0,619.5,1000.75,1708.35
1802,1770.6,2666.0,4249.0,10816.0,29973.19999999998
1803,383.35,422.25,503.5,804.0,1979.2999999999997
1804,91.0,108.0,148.0,246.5,869.8999999999999
1805,87.0,111.75,150.5,261.0,709.8999999999996
1806,282.0,338.0,511.5,778.5,1452.1999999999994
1807,198.10000000000002,281.5,379.0,609.75,2503.199999999999
1808,1516.85,1782.25,2329.5,3218.25,6994.049999999997
1809,289.45000000000005,394.0,621.5,1035.5,2541.699999999999
1810,126.35,151.25,174.0,231.0,636.5499999999997
1811,608.8,638.5,791.5,1015.5,1521.65
1812,24.9,31.5,60.0,129.75,474.65
1813,168.35,229.0,382.5,695.25,2378.399999999997
1814,157.0,184.25,217.0,280.0,415.15
1815,485.15,595.75,903.5,1743.25,3534.649999999997
1816,27.0,34.0,37.5,50.5,179.6999999999998
1817,38.9,64.25,112.0,223.5,807.4999999999991
1818,79.9,111.25,176.0,351.25,1607.1999999999994
1819,640.3,908.25,1164.5,1947.25,4161.049999999998
1820,99.44999999999999,119.25,157.5,328.75,613.1499999999997
1821,542.7,630.5,767.5,1126.0,2707.449999999999
1822,142.05,207.5,318.0,784.75,4046.7999999999984
1823,19.35,29.25,64.5,282.25,1505.3999999999987
1824,3.0,4.0,4.0,10.0,34.34999999999995
1825,537.0,692.25,857.0,1222.5,2186.45
1826,143.45,162.25,228.0,353.25,717.0999999999997
1827,98.45,114.25,155.5,205.25,603.1999999999998
1828,142.5,186.25,241.0,371.75,1040.3499999999995
1829,91.25,102.25,148.0,222.75,412.0499999999997
1830,1474.4499999999998,1724.0,2714.0,5621.75,11021.899999999998
1831,548.2,743.25,1085.0,1595.25,2679.7999999999997
1832,157.89999999999998,222.0,366.0,1146.0,6275.199999999983
1833,134.45,171.0,277.0,443.75,1004.8999999999995
1834,64.45,74.0,89.5,119.75,313.89999999999975
1835,99.0,126.25,186.5,282.25,377.64999999999986
1836,46.7,73.25,132.5,316.75,1096.5999999999997
1837,124.44999999999999,166.25,224.0,385.75,1466.1
1838,279.9,340.0,470.0,639.0,1473.849999999998
1839,70.0,86.0,148.5,227.75,579.6499999999999
1840,179.35,212.25,313.5,471.5,1821.5999999999963
1841,189.35,235.25,325.0,643.75,1353.6
1842,278.05,371.0,464.0,733.75,1989.2999999999993
1843,26.0,31.25,40.5,103.5,363.64999999999975
1844,41.0,65.0,180.0,428.5,1351.549999999998
1845,113.9,195.5,387.0,738.25,2457.9999999999973
1846,106.0,134.25,187.0,282.5,586.6499999999997
1847,11.0,11.25,14.5,17.0,23.099999999999994
1848,1.0,1.0,2.0,2.0,15.899999999999949
1849,833.75,1020.75,1489.0,3078.25,11855.849999999993
1850,229.14999999999998,296.0,404.5,686.0,2481.6499999999987
1851,76.15,126.0,228.0,914.75,1517.85
1852,153.35,214.25,322.0,633.75,1548.149999999999
1853,7.0,8.0,10.0,12.0,23.099999999999994
1854,180.6,260.0,319.0,514.0,774.0499999999997
1855,19.0,26.0,45.5,88.25,372.59999999999974
1856,189.5,297.25,515.5,1248.5,5157.0999999999985
1857,120.44999999999999,136.25,167.0,209.75,468.04999999999995
1858,11.0,13.0,19.5,31.25,828.1999999999995
1859,615.65,770.25,1004.0,1512.5,2427.3999999999987
1860,17.0,21.5,40.5,140.5,445.04999999999984
1861,351.7,458.25,647.5,1159.0,2094.4499999999985
1862,85.25,110.25,140.0,219.25,704.8499999999999
1863,97.0,127.75,161.0,250.5,446.4499999999998
1864,419.79999999999995,481.0,556.0,782.25,1491.699999999999
1865,124.44999999999999,150.0,215.0,295.25,689.0
1866,60.9,116.75,163.0,391.25,1201.549999999999
1867,54.45,80.75,132.5,286.0,1274.1499999999996
1868,1416.4,2059.75,2748.0,3991.25,14527.749999999993
1869,102.35,115.75,141.5,184.75,338.8499999999999
1870,87.45,102.0,151.5,198.75,544.1999999999997
1871,135.9,182.25,211.5,440.5,1106.6999999999996
1872,608.25,754.5,1043.0,1429.75,3594.399999999995
1873,140.45,176.75,261.0,438.25,1230.8999999999983
1874,269.70000000000005,370.5,613.0,954.75,4200.749999999996
1875,174.0,208.0,345.5,547.0,1865.9999999999982
1876,12.0,13.0,17.0,22.25,71.09999999999994
1877,241.95000000000002,269.75,407.5,938.0,2729.3999999999996
1878,4.0,4.0,4.0,4.0,4.0
1879,87.35,109.75,136.5,194.25,438.9499999999997
1880,61.45,126.0,214.0,480.25,1214.699999999999
1881,5.0,6.0,8.5,10.75,14.549999999999997
1882,345.6,414.5,483.0,601.0,884.7499999999998
1883,14.45,22.25,30.5,49.75,128.8999999999999
1884,155.8,219.25,391.0,755.0,1546.4499999999994
1885,88.45,97.5,135.5,188.5,273.55
1886,906.05,1117.25,1318.0,1681.75,4111.549999999999
1887,31.45,43.5,71.5,113.75,253.0999999999999
1888,363.55,449.5,736.5,1235.75,2941.6999999999957
1889,108.0,125.25,145.0,256.5,746.4999999999994
1890,87.9,109.25,136.0,247.5,487.2499999999998
1891,260.25,349.5,533.5,729.25,1296.9999999999998
